,Code,Innovation Name,Spatial Scale,Indicator Number,Indicator Name,Description,Metric,Category,n_data_points,n_non_zero_data_points,slope_log,slope_exp,slope_lin,log_t0,log_Dt,log_K,exp_a,exp_c,lin_intercept,log_r2,log_r2adj,log_rmse,log_mae,exp_r2,exp_r2adj,exp_rmse,exp_mae,lin_r2,lin_r2adj,lin_rmse,lin_mae, GN scoring ,GN comments,CW scoring,page,Code.1,Criterion,Counts,Unnamed: 38
0,,,,,,,,,,,,,,,,,,,,,,,,,,,,,,,,,,,,,,,
2,,,,,,,,,,,,,,,,,,,,,,,,,,,,,,,,,,,,,,,
4,,,,,,,,,,,,,,,,,,,,,,,,,,,,,,,,,,,,,,,
6,,,,,,,,,,,,,,,,,,,,,,,,,,,,,,,,,,,,,,,
8,,,,,,,,,,,,,,,,,,,,,,,,,,,,,,,,,,,,,,,
10,,,,,,,,,,,,,,,,,,,,,,,,,,,,,,,,,,,,,,,
12,,,,,,,,,,,,,,,,,,,,,,,,,,,,,,,,,,,,,,,
14,,,,,,,,,,,,,,,,,,,,,,,,,,,,,,,,,,,,,,,
16,,,,,,,,,,,,,,,,,,,,,,,,,,,,,,,,,,,,,,,
18,,,,,,,,,,,,,,,,,,,,,,,,,,,,,,,,,,,,,,,
20,,,,,,,,,,,,,,,,,,,,,,,,,,,,,,,,,,,,,,,
21,act_net_1.1Ado_d162_m94,active mobility,The Netherlands,1.1,Adoption over time,Passenger kilometres travelled by¬bike,Billion p.km,b7,17.0,17.0,0.17815,0.013226,0.21626,1998.6,24.668,17.492,6.6659,1947.9,-419.53,0.71531,0.64961,0.77647,0.6553,0.60366,0.54704,0.91615,0.789,0.62081,0.56664,0.89611,0.75497,1.0,,,11.0,,,,
22,,,,,,,,,,,,,,,,,,,,,,,,,,,,,,,,,,,,,,,
23,act_net_1.1Ado_d163_m94,active mobility,The Netherlands,1.1,Adoption over time,Passenger kilometres travelled by¬foot,Billion p.km,b7,17.0,17.0,0.046231,0.04623,0.21548,2245.9,95.054,220000.0,7.9825,2024.7,-428.98,0.82968,0.79038,0.52885,0.38906,0.82968,0.80535,0.52885,0.38906,0.7949,0.7656,0.58034,0.44108,2.0,,,12.0,,,,
24,,,,,,,,,,,,,,,,,,,,,,,,,,,,,,,,,,,,,,,
25,act_net_2.3Rel_d77_m137,active mobility,The Netherlands,2.3,Relative Advantage (Co-benefits),Development of cycling distance per person,km,b7,5.0,5.0,-0.088744,-0.040613,-34.076,2018.4,-49.518,1569.1,1296.0,2005.7,69564.0,0.92374,0.69495,34.712,30.235,0.92148,0.84296,35.222,30.311,0.92308,0.84617,34.861,30.344,2.0,,,13.0,,,,
26,,,,,,,,,,,,,,,,,,,,,,,,,,,,,,,,,,,,,,,
28,,,,,,,,,,,,,,,,,,,,,,,,,,,,,,,,,,,,,,,
30,,,,,,,,,,,,,,,,,,,,,,,,,,,,,,,,,,,,,,,
32,,,,,,,,,,,,,,,,,,,,,,,,,,,,,,,,,,,,,,,
34,,,,,,,,,,,,,,,,,,,,,,,,,,,,,,,,,,,,,,,
36,,,,,,,,,,,,,,,,,,,,,,,,,,,,,,,,,,,,,,,
38,,,,,,,,,,,,,,,,,,,,,,,,,,,,,,,,,,,,,,,
40,,,,,,,,,,,,,,,,,,,,,,,,,,,,,,,,,,,,,,,
42,,,,,,,,,,,,,,,,,,,,,,,,,,,,,,,,,,,,,,,
44,,,,,,,,,,,,,,,,,,,,,,,,,,,,,,,,,,,,,,,
46,,,,,,,,,,,,,,,,,,,,,,,,,,,,,,,,,,,,,,,
48,,,,,,,,,,,,,,,,,,,,,,,,,,,,,,,,,,,,,,,
49,cli_uki_1.1Ado_d71_m18,climate protest,United Kingdom,1.1,Adoption over Time,Count of participants at protest events related to climate,# people (estimated),s3,13.0,4.0,47.024,0.30546,7.7839,2020.0,0.093451,90.487,0.038129,1997.4,-15676.0,0.76956,0.69274,20.826,8.9839,0.50406,0.40488,30.552,18.916,0.45069,0.34083,32.154,22.168,2.0,,,25.0,,,,
50,,,,,,,,,,,,,,,,,,,,,,,,,,,,,,,,,,,,,,,
51,cli_uki_1.1Ado_d72_m20,climate protest,United Kingdom,1.1,Adoption over Time,Count of protest events related to climate,# protest events,s3,13.0,4.0,638.31,0.24732,17.473,2019.1,0.0068845,189.25,0.00079707,1972.8,-35184.0,0.87997,0.83996,32.259,14.538,0.47821,0.37385,67.26,53.355,0.49297,0.39156,66.302,56.159,4.0,,convert to cum,26.0,,,,
52,,,,,,,,,,,,,,,,,,,,,,,,,,,,,,,,,,,,,,,
53,cli_usa_1.1Ado_d71_m18,climate protest,United States,1.1,Adoption over Time,Count of participants at protest events related to climate,# people (estimated),s3,13.0,4.0,65.309,0.20397,16.902,2019.2,0.067287,201.62,0.0021963,1967.6,-34030.0,0.5588,0.41173,82.686,39.373,0.22131,0.065567,109.85,67.084,0.2581,0.10972,107.22,66.197,4.0,,convert to cum,27.0,,,,
54,,,,,,,,,,,,,,,,,,,,,,,,,,,,,,,,,,,,,,,
55,cli_usa_1.1Ado_d72_m20,climate protest,United States,1.1,Adoption over Time,Count of protest events related to climate,# protest events,s3,13.0,4.0,56.734,0.32844,23.055,2020.0,0.077457,256.0,3.17e-05,1974.2,-46432.0,0.97725,0.96966,16.59,7.2315,0.72468,0.66962,57.707,43.032,0.61523,0.53827,68.22,54.259,1.0,,,28.0,,,,
56,,,,,,,,,,,,,,,,,,,,,,,,,,,,,,,,,,,,,,,
58,,,,,,,,,,,,,,,,,,,,,,,,,,,,,,,,,,,,,,,
60,,,,,,,,,,,,,,,,,,,,,,,,,,,,,,,,,,,,,,,
62,,,,,,,,,,,,,,,,,,,,,,,,,,,,,,,,,,,,,,,
63,coh_usa_1.1Ado_d143_m22,co-housing,United States,1.1,Adoption over time,Number of residents living in cohousing communities,# residents,b11,8.0,8.0,0.47637,0.21446,213.23,1996.4,9.2249,3414.8,2.14e-05,1912.4,-424000.0,0.99947,0.99907,23.805,21.643,0.96347,0.94886,197.86,179.86,0.89095,0.84734,341.85,309.88,1.0,,,32.0,,,,
64,,,,,,,,,,,,,,,,,,,,,,,,,,,,,,,,,,,,,,,
66,,,,,,,,,,,,,,,,,,,,,,,,,,,,,,,,,,,,,,,
67,cro_ber_1.1Ado_d58_m123,car ownership,Berlin,1.1,Adaption over time,"Berlin Car density: 
2008-2024","cars per 1,000 inhabitants",b5,17.0,17.0,0.4619,0.0019583,0.65735,2002.0,9.5138,334.89,79.734,1288.1,-993.56,0.57391,0.47558,4.627,3.8783,0.20393,0.090208,6.3244,5.2346,0.2064,0.093033,6.3146,5.2253,2.0,,,34.0,,,,
68,,,,,,,,,,,,,,,,,,,,,,,,,,,,,,,,,,,,,,,
70,,,,,,,,,,,,,,,,,,,,,,,,,,,,,,,,,,,,,,,
72,,,,,,,,,,,,,,,,,,,,,,,,,,,,,,,,,,,,,,,
74,,,,,,,,,,,,,,,,,,,,,,,,,,,,,,,,,,,,,,,
76,,,,,,,,,,,,,,,,,,,,,,,,,,,,,,,,,,,,,,,
78,,,,,,,,,,,,,,,,,,,,,,,,,,,,,,,,,,,,,,,
80,,,,,,,,,,,,,,,,,,,,,,,,,,,,,,,,,,,,,,,
82,,,,,,,,,,,,,,,,,,,,,,,,,,,,,,,,,,,,,,,
84,,,,,,,,,,,,,,,,,,,,,,,,,,,,,,,,,,,,,,,
86,,,,,,,,,,,,,,,,,,,,,,,,,,,,,,,,,,,,,,,
88,,,,,,,,,,,,,,,,,,,,,,,,,,,,,,,,,,,,,,,
90,,,,,,,,,,,,,,,,,,,,,,,,,,,,,,,,,,,,,,,
92,,,,,,,,,,,,,,,,,,,,,,,,,,,,,,,,,,,,,,,
94,,,,,,,,,,,,,,,,,,,,,,,,,,,,,,,,,,,,,,,
96,,,,,,,,,,,,,,,,,,,,,,,,,,,,,,,,,,,,,,,
98,,,,,,,,,,,,,,,,,,,,,,,,,,,,,,,,,,,,,,,
100,,,,,,,,,,,,,,,,,,,,,,,,,,,,,,,,,,,,,,,
102,,,,,,,,,,,,,,,,,,,,,,,,,,,,,,,,,,,,,,,
104,,,,,,,,,,,,,,,,,,,,,,,,,,,,,,,,,,,,,,,
106,,,,,,,,,,,,,,,,,,,,,,,,,,,,,,,,,,,,,,,
108,,,,,,,,,,,,,,,,,,,,,,,,,,,,,,,,,,,,,,,
109,dri_sto_1.1Ado_d31_m71,drivers license,Stockholm,1.1,Adoption over Time,% of population holding a drivers licence,% of population,b9,5.0,5.0,-0.079347,-0.00010085,-5.34e-05,2296.2,-55.383,0.53399,0.56004,1540.6,0.6414,-3e-09,-3,0.0061737,0.0055959,0.0037694,-0.99246,0.006162,0.0055958,0.0037354,-0.99253,0.0061621,0.0055959,1.0,,,55.0,dri_sto_1.1Ado_d31_m71,,,
110,,,,,,,,,,,,,,,,,,,,,,,,,,,,,,,,,,,,,,,
111,dri_sto_1.1Ado_d6_m46,drivers license,Stockholm,1.1,Adoption over Time,% of 18-19yr age group holding a drivers licence,% of 18-19yr olds,b9,5.0,5.0,0.018264,0.018264,0.004499,2570.8,240.6,6854.1,2.24e-08,1122.9,-8.7965,0.76953,0.078113,0.017874,0.016363,0.76953,0.53906,0.017874,0.016363,0.73006,0.46013,0.019344,0.018109,1.0,,,56.0,dri_sto_1.1Ado_d6_m46,,,
112,,,,,,,,,,,,,,,,,,,,,,,,,,,,,,,,,,,,,,,
113,dri_sto_1.1Ado_d7_m44,drivers license,Stockholm,1.1,Adoption over Time,"% of 18-19yr age group holding a drivers licence, by gender",% of 18-19yr old females,b9,5.0,5.0,-0.92598,-0.063561,-0.68741,1996.3,-4.7457,8441.9,-1523.2,-155000.0,1387.4,0.99927,0.99708,0.18687,0.14418,-0.28305,-1.5661,7.8288,3.6771,0.49459,-0.010815,4.9136,4.1715,3.0,zeros?,"don't use, it's a cohort variable not a time trend",57.0,dri_sto_1.1Ado_d7_m44,,,
114,,,,,,,,,,,,,,,,,,,,,,,,,,,,,,,,,,,,,,,
115,dri_sto_1.1Ado_d7_m45,drivers license,Stockholm,1.1,Adoption over Time,"% of 18-19yr age group holding a drivers licence, by gender",% of 18-19yr old males,b9,5.0,5.0,,-0.94048,-1.1887,,,,10.297,2004.1,2399.1,,,,,0.99956,0.99912,0.25006,0.19356,0.49749,-0.0050229,8.4476,7.1755,3.0,zeros?,"don't use, it's a cohort variable not a time trend",58.0,dri_sto_1.1Ado_d7_m45,,,
116,,,,,,,,,,,,,,,,,,,,,,,,,,,,,,,,,,,,,,,
117,dri_sto_1.1Ado_d8_m47,drivers license,Stockholm,1.1,Adoption over Time,% of 18-19yr age group in 2003 holding a drivers licence,% of 18-19yr olds in 2003 cohort,b9,5.0,5.0,4.7178,0.0020636,0.011816,2003.0,0.93147,0.50612,1555.1,157000.0,-23.333,0.91253,0.65013,0.033275,0.024933,-16.167,-33.333,0.46616,0.45238,0.55148,0.10297,0.075349,0.063955,2.0,,,59.0,dri_sto_1.1Ado_d8_m47,,,
118,,,,,,,,,,,,,,,,,,,,,,,,,,,,,,,,,,,,,,,
119,dri_swe_1.1Ado_d31_m71,drivers license,Sweden,1.1,Adoption over Time,% of population holding a drivers licence,% of population,b9,3.0,3.0,-0.0079247,0.0012141,0.00096677,4979.2,-554.52,0.79333,0.17332,746.87,-1.1399,-5.53e-10,3,0.0094281,0.0088889,0.77033,#NAME?,0.0045183,0.0042591,0.77341,#NAME?,0.0044879,0.0042296,1.0,,,60.0,dri_swe_1.1Ado_d31_m71,,,
120,,,,,,,,,,,,,,,,,,,,,,,,,,,,,,,,,,,,,,,
121,dri_swe_1.1Ado_d6_m43,drivers license,Sweden,1.1,Adoption over Time,% of 18-19yr age group holding a drivers licence,% of 18-19yr age group,b9,18.0,18.0,-0.022396,-0.022396,-0.0092404,1502.9,-196.21,29334.0,1.3617,1948.4,18.918,0.74424,0.68943,0.045534,0.036587,0.74424,0.71014,0.045534,0.036587,0.67556,0.6323,0.051285,0.039707,1.0,,,61.0,dri_swe_1.1Ado_d6_m43,,,
122,,,,,,,,,,,,,,,,,,,,,,,,,,,,,,,,,,,,,,,
123,dri_usa_1.1Ado_d30_m71,drivers license,US,1.1,Adoption over time,% of population (residents) holding a drivers licence,% of population,b9,63.0,63.0,0.080086,0.0012346,0.0031067,1951.4,54.872,0.69372,1555.2,157000.0,-5.5491,0.96897,0.96739,0.011371,0.0095098,-97.205,-100.48,0.63968,0.63642,0.76595,0.75815,0.031229,0.027826,1.0,,,62.0,dri_usa_1.1Ado_d30_m71,,,
124,,,,,,,,,,,,,,,,,,,,,,,,,,,,,,,,,,,,,,,
125,dri_usa_2.2Rel_d105_m129,drivers license,US,2.2,Relative Advantage (profitability),Fuel efficiency (VMT per gallon),index (1989=1),b9,63.0,63.0,0.028013,0.0077988,0.0076289,1958.4,156.87,1.3665,6.5383,2238.1,-14.228,0.90882,0.90419,0.044219,0.03492,0.88224,0.87831,0.050254,0.041248,0.8974,0.89398,0.046907,0.038396,1.0,,,63.0,dri_usa_2.2Rel_d105_m129,,,
126,,,,,,,,,,,,,,,,,,,,,,,,,,,,,,,,,,,,,,,
127,dri_usa_2.2Rel_d51_m122,drivers license,US,2.2,Relative Advantage (profitability),Average cost of mile traveled by bus / car,bus/car cost per mile traveled,b9,17.0,17.0,0.22464,0.010593,0.0075206,1998.5,19.562,0.72714,0.18661,1891.1,-14.459,0.54721,0.44272,0.044062,0.029971,0.37192,0.28219,0.051895,0.034375,0.38961,0.30241,0.051159,0.033317,1.0,,,64.0,dri_usa_2.2Rel_d51_m122,,,
128,,,,,,,,,,,,,,,,,,,,,,,,,,,,,,,,,,,,,,,
129,dri_usa_2.2Rel_d54_m27,drivers license,US,2.2,Relative Advantage (profitability),Average total cost of mile traveled by bus,$ (constant 2022),b9,17.0,17.0,0.10122,0.0021684,0.01276,2009.1,43.413,0.54245,1555.0,158000.0,-25.364,0.99091,0.98882,0.0066512,0.0055446,-20.421,-23.481,0.32292,0.31529,0.98784,0.98611,0.0076924,0.0055572,1.0,,,65.0,dri_usa_2.2Rel_d54_m27,,,
130,,,,,,,,,,,,,,,,,,,,,,,,,,,,,,,,,,,,,,,
131,dri_usa_2.2Rel_d55_m27,drivers license,US,2.2,Relative Advantage (profitability),Average total cost of mile traveled by car,$ (constant 2022),b9,21.0,21.0,0.033059,0.0023437,0.014741,2333.1,132.93,18228.0,1555.0,157000.0,-29.201,0.89445,0.87582,0.031015,0.02234,-22.911,-25.568,0.46681,0.45694,0.87423,0.86025,0.033856,0.021976,1.0,,,66.0,dri_usa_2.2Rel_d55_m27,,,
132,,,,,,,,,,,,,,,,,,,,,,,,,,,,,,,,,,,,,,,
133,dri_usa_2.3Rel_d204_m68,drivers license,US,2.3,Relative Advantage (Co-Benefits),Traffic death rates,% of licensed drivers,b9,17.0,17.0,-0.019402,,-4.66e-06,1760.3,-226.5,0.023617,,,0.0095505,0.91967,0.90113,1.05e-05,8.94e-06,,,,,0.88995,0.87422,1.23e-05,1.02e-05,1.0,,,67.0,dri_usa_2.3Rel_d204_m68,,,
134,,,,,,,,,,,,,,,,,,,,,,,,,,,,,,,,,,,,,,,
135,dri_usa_2.9Int_d125_m129,drivers license,US,2.9,Inter-dependence with Hardware,Motor fuel consumption,index (1989=1),b9,63.0,63.0,0.058448,0.013664,0.014717,1971.8,75.186,1.4247,0.92135,1986.2,-28.289,0.96314,0.96127,0.05337,0.045064,0.87233,0.86807,0.099333,0.078457,0.92667,0.92423,0.07528,0.059045,1.0,,,68.0,dri_usa_2.9Int_d125_m129,,,
136,,,,,,,,,,,,,,,,,,,,,,,,,,,,,,,,,,,,,,,
137,dri_usa_2.9Int_d194_m142,drivers license,US,2.9,Inter-dependence with Hardware,Total number of vehicles registered,million vehicles,b9,63.0,63.0,0.050866,0.017431,3.3895,1981.5,86.393,309.93,6.1063,1797.8,-6563.0,0.99369,0.99337,4.9237,4.3744,0.94654,0.94476,14.329,12.851,0.98911,0.98875,6.4659,5.7872,1.0,,,69.0,dri_usa_2.9Int_d194_m142,,,
138,,,,,,,,,,,,,,,,,,,,,,,,,,,,,,,,,,,,,,,
139,dri_usa_3.2Adc_d11_m49,drivers license,US,3.2,Adopter characteristics,% of age cohort 18 yrs in 1978 holding a drivers licence,% of 18yr olds in 1978,b9,7.0,7.0,-0.0098407,0.0011129,0.0021156,5227.3,-446.56,0.91456,1555.5,157000.0,-3.3266,-1.03e-13,-1,0.04806,0.033588,-362.12,-543.68,0.91582,0.91456,0.49423,0.24135,0.034179,0.027189,1.0,,,70.0,dri_usa_3.2Adc_d11_m49,,,
140,,,,,,,,,,,,,,,,,,,,,,,,,,,,,,,,,,,,,,,
141,dri_usa_3.2Adc_d12_m50,drivers license,US,3.2,Adopter characteristics,% of age cohort 18 yrs in 1988 holding a drivers licence,% of 18yr olds in 1988,b9,6.0,6.0,-2.0789,0.0069052,0.0062562,2160.4,-2.1139,0.88083,5.2017,2266.9,-11.689,-1.27e-10,-1.5,0.11235,0.083275,0.46723,0.11205,0.082009,0.063242,0.49239,0.15399,0.080049,0.062662,1.0,,,71.0,dri_usa_3.2Adc_d12_m50,,,
142,,,,,,,,,,,,,,,,,,,,,,,,,,,,,,,,,,,,,,,
143,dri_usa_3.2Adc_d13_m51,drivers license,US,3.2,Adopter characteristics,% of age cohort 18 yrs in 2008 holding a drivers licence,% of 18yr olds in 2008,b9,4.0,4.0,0.085348,0.0026862,0.018764,2003.5,51.489,1.0993,1555.2,158000.0,-37.023,0.98934,#NAME?,0.010627,0.0085054,-64.898,-196.69,0.83543,0.82907,0.98694,0.96083,0.01176,0.0096661,1.0,3 pts,,72.0,dri_usa_3.2Adc_d13_m51,,,
144,,,,,,,,,,,,,,,,,,,,,,,,,,,,,,,,,,,,,,,
145,dri_usa_3.2Adc_d14_m52,drivers license,US,3.2,Adopter characteristics,% of age cohort 18 yrs in 2019 holding a drivers licence,% of 18yr olds in 2019,b9,3.0,3.0,0.33682,0.005666,0.050773,2016.7,13.047,0.89938,1554.1,158000.0,-101.89,1.0,1,1.75e-13,1.74e-13,-117.39,#NAME?,0.69071,0.68779,0.99516,#NAME?,0.0044184,0.0040907,1.0,,,73.0,dri_usa_3.2Adc_d14_m52,,,
146,,,,,,,,,,,,,,,,,,,,,,,,,,,,,,,,,,,,,,,
147,dri_usa_3.2Adc_d32_m41,drivers license,US,3.2,Adopter characteristics,"% of population holding a drivers licence, by age group",% of 16yr olds,b9,8.0,8.0,-0.064247,-0.014538,-0.0054538,2020.3,-68.399,0.50182,2.9568,1855.2,11.278,0.96405,0.93709,0.017743,0.012073,0.9016,0.86224,0.029354,0.021859,0.93324,0.90654,0.024179,0.016733,1.0,,,74.0,dri_usa_3.2Adc_d32_m41,,,
148,,,,,,,,,,,,,,,,,,,,,,,,,,,,,,,,,,,,,,,
149,dri_usa_3.2Adc_d32_m42,drivers license,US,3.2,Adopter characteristics,"% of population holding a drivers licence, by age group",% of 17yr olds,b9,8.0,8.0,-0.0092329,-0.0092314,-0.0048884,1053.9,-475.96,3347.5,5.4514,1749.2,10.321,0.62644,0.34627,0.063041,0.04138,0.62644,0.47702,0.063041,0.04138,0.61712,0.46397,0.063822,0.042372,1.0,,,75.0,dri_usa_3.2Adc_d32_m42,,,
150,,,,,,,,,,,,,,,,,,,,,,,,,,,,,,,,,,,,,,,
151,dri_usa_3.2Adc_d32_m48,drivers license,US,3.2,Adopter characteristics,"% of population holding a drivers licence, by age group",% of 18yr olds,b9,8.0,8.0,-0.0063155,-0.006307,-0.0042911,953.34,-695.82,507.98,0.1967,2197.4,9.2692,0.70609,0.48566,0.045922,0.032019,0.70609,0.58853,0.045922,0.032018,0.7051,0.58714,0.046,0.032109,1.0,,,76.0,dri_usa_3.2Adc_d32_m48,,,
152,,,,,,,,,,,,,,,,,,,,,,,,,,,,,,,,,,,,,,,
153,dri_usa_3.2Adc_d32_m53,drivers license,US,3.2,Adopter characteristics,"% of population holding a drivers licence, by age group",% of 19yr olds,b9,8.0,8.0,-0.010012,-0.0050108,-0.0038449,2000.3,-438.94,1.5406,0.89527,1969.6,8.4612,0.88364,0.79638,0.023124,0.017243,0.88313,0.83639,0.023175,0.018139,0.88384,0.83737,0.023105,0.01725,1.0,,,77.0,dri_usa_3.2Adc_d32_m53,,,
154,,,,,,,,,,,,,,,,,,,,,,,,,,,,,,,,,,,,,,,
155,dri_usa_3.2Adc_d32_m54,drivers license,US,3.2,Adopter characteristics,"% of population holding a drivers licence, by age group",% of 20-24 yr olds,b9,8.0,8.0,-0.0083771,-0.0038488,-0.0032878,2020.0,-524.58,1.5833,0.29216,2279.2,7.4332,0.9621,0.93367,0.010817,0.0098363,0.96158,0.94622,0.01089,0.0096286,0.96213,0.94698,0.010813,0.0097805,1.0,,,78.0,dri_usa_3.2Adc_d32_m54,,,
156,,,,,,,,,,,,,,,,,,,,,,,,,,,,,,,,,,,,,,,
157,dri_usa_3.2Adc_d32_m55,drivers license,US,3.2,Adopter characteristics,"% of population holding a drivers licence, by age group",% of 25-29 yr olds,b9,8.0,8.0,-0.0033617,-0.0033574,-0.0030565,16.6,-1307.2,722.31,0.37602,2265.6,7.0316,0.80958,0.66677,0.024635,0.022763,0.80959,0.73343,0.024635,0.022763,0.80534,0.72748,0.024908,0.022991,1.0,,,79.0,dri_usa_3.2Adc_d32_m55,,,
158,,,,,,,,,,,,,,,,,,,,,,,,,,,,,,,,,,,,,,,
159,dri_usa_3.2Adc_d32_m56,drivers license,US,3.2,Adopter characteristics,"% of population holding a drivers licence, by age group",% of <=19 yr olds,b9,8.0,8.0,-0.075902,0.00033889,-0.0063917,2024.5,-57.896,0.67677,1555.5,157000.0,13.326,0.59835,0.29712,0.092151,0.083982,-13.3,-19.019,0.54985,0.53027,0.5309,0.34326,0.09959,0.090787,1.0,,,80.0,dri_usa_3.2Adc_d32_m56,,,
160,,,,,,,,,,,,,,,,,,,,,,,,,,,,,,,,,,,,,,,
161,dri_usa_3.2Adc_d33_m64,drivers license,US,3.2,Adopter characteristics,"% of population holding a drivers licence, by gender",% of female population,b9,60.0,60.0,0.088026,0.0013376,0.0043526,1956.3,49.922,0.86957,1555.3,157000.0,-7.8775,0.99121,0.99073,0.0080218,0.0063718,-86.392,-89.459,0.79967,0.79508,0.77652,0.76868,0.040438,0.03566,1.0,,,81.0,dri_usa_3.2Adc_d33_m64,,,
162,,,,,,,,,,,,,,,,,,,,,,,,,,,,,,,,,,,,,,,
163,dri_usa_3.2Adc_d33_m69,drivers license,US,3.2,Adopter characteristics,"% of population holding a drivers licence, by gender",% of male population,b9,60.0,60.0,-0.01826,0.00073866,-0.001779,2111.9,-240.66,1.0557,1555.5,157000.0,4.4893,0.91468,0.91011,0.0094831,0.0075252,-846.62,-876.37,0.94522,0.94466,0.90049,0.897,0.010242,0.0078867,1.0,,,82.0,dri_usa_3.2Adc_d33_m69,,,
164,,,,,,,,,,,,,,,,,,,,,,,,,,,,,,,,,,,,,,,
165,dri_usa_4.2Kme_d144_m14,drivers license,US,4.2,Knowledge Flows (Mass Media),"Number of times ""Drivers license"" appears in books",# mentions,b9,60.0,60.0,-0.016489,0.0053216,1.15e-10,2054.3,-266.52,8.2e-09,0.00284,10704.0,-2.21e-07,-0.25052,-0.31751,3.14e-09,2.31e-09,-5.6728,-5.9069,7.26e-09,6.69e-09,0.5046,0.48721,1.98e-09,1.62e-09,2.0,,,83.0,dri_usa_4.2Kme_d144_m14,,,
166,,,,,,,,,,,,,,,,,,,,,,,,,,,,,,,,,,,,,,,
167,dri_usa_4.3Com_d207_m121,drivers license,US,4.3,Compatibility,Vehicle Miles of Travel (VMT),billions,b9,74.0,74.0,0.061538,0.021592,43977.0,1983.1,71.41,3580000.0,72.209,1518.7,-85400000.0,0.99232,0.99199,83262.0,60841.0,0.91945,0.91718,270000.0,226000.0,0.97795,0.97733,141000.0,113000.0,1.0,,,84.0,dri_usa_4.3Com_d207_m121,,,
168,,,,,,,,,,,,,,,,,,,,,,,,,,,,,,,,,,,,,,,
169,dri_usa_4.5Inf_d195_m140,drivers license,US,4.5,Infrastructure Dependence,Total public road mileage,million miles,b9,74.0,74.0,0.028897,0.0028307,10974.0,1906.2,152.07,4290000.0,5876.3,-303.82,-17900000.0,0.95943,0.95769,49027.0,42657.0,0.91838,0.91608,69538.0,55072.0,0.92738,0.92534,65590.0,52791.0,1.0,,,85.0,dri_usa_4.5Inf_d195_m140,,,
170,,,,,,,,,,,,,,,,,,,,,,,,,,,,,,,,,,,,,,,
171,dri_was_1.1Ado_d30_m71,drivers license,Washington DC,1.1,Adoption over time,% of population (residents) holding a drivers licence,% of population,b9,74.0,74.0,0.021512,0.0084288,0.0047707,1967.4,204.28,0.9463,0.60916,1997.5,-8.9128,0.86167,0.85574,0.040849,0.033401,0.85108,0.84689,0.042383,0.03442,0.86085,0.85693,0.040971,0.033156,1.0,,,86.0,dri_was_1.1Ado_d30_m71,,,
172,,,,,,,,,,,,,,,,,,,,,,,,,,,,,,,,,,,,,,,
173,dri_was_3.2Adc_d32_m54,drivers license,Washington DC,3.2,Adopter characteristics,"% of population holding a drivers licence, by age group",% of 20-24 yr olds,b9,5.0,5.0,-0.051167,-0.00121,-0.023009,1760.2,-85.884,156000.0,-1544.4,-153000.0,46.743,0.98882,0.95526,0.022825,0.021204,-3.7241,-8.4481,0.46909,0.41649,0.94381,0.88763,0.051158,0.042152,1.0,,,87.0,dri_was_3.2Adc_d32_m54,,,
174,,,,,,,,,,,,,,,,,,,,,,,,,,,,,,,,,,,,,,,
175,dri_was_3.2Adc_d32_m56,drivers license,Washington DC,3.2,Adopter characteristics,"% of population holding a drivers licence, by age group",% of <=19 yr olds,b9,5.0,5.0,-0.14227,-0.053496,-0.012033,1910.8,-30.888,79346.0,-1544.9,-153000.0,24.32,0.9963,0.98519,0.0072609,0.0060476,-0.59679,-2.1936,0.15078,0.092178,0.84453,0.68906,0.047048,0.034591,1.0,how negative?,,88.0,dri_was_3.2Adc_d32_m56,,,
176,,,,,,,,,,,,,,,,,,,,,,,,,,,,,,,,,,,,,,,
177,dri_was_3.2Adc_d33_m64,drivers license,Washington DC,3.2,Adopter characteristics,"% of population holding a drivers licence, by gender",% of female population,b9,5.0,5.0,0.011993,0.011992,0.0092807,2824.5,366.42,13893.0,0.12661,1856.8,-17.853,0.79296,0.17183,0.043915,0.040946,0.79296,0.58592,0.043915,0.040946,0.76787,0.53575,0.046499,0.042484,1.0,,,89.0,dri_was_3.2Adc_d33_m64,,,
178,,,,,,,,,,,,,,,,,,,,,,,,,,,,,,,,,,,,,,,
179,dri_was_3.2Adc_d33_m69,drivers license,Washington DC,3.2,Adopter characteristics,"% of population holding a drivers licence, by gender",% of male population,b9,5.0,5.0,0.0036752,0.0036734,0.0032036,4070.6,1195.7,1749.1,3.3454,2367.8,-5.5396,0.26003,-1.9599,0.050012,0.040584,0.26003,-0.47993,0.050011,0.040583,0.25214,-0.49572,0.050278,0.040739,1.0,,,90.0,dri_was_3.2Adc_d33_m69,,,
180,,,,,,,,,,,,,,,,,,,,,,,,,,,,,,,,,,,,,,,
182,,,,,,,,,,,,,,,,,,,,,,,,,,,,,,,,,,,,,,,
184,,,,,,,,,,,,,,,,,,,,,,,,,,,,,,,,,,,,,,,
186,,,,,,,,,,,,,,,,,,,,,,,,,,,,,,,,,,,,,,,
188,,,,,,,,,,,,,,,,,,,,,,,,,,,,,,,,,,,,,,,
190,,,,,,,,,,,,,,,,,,,,,,,,,,,,,,,,,,,,,,,
192,,,,,,,,,,,,,,,,,,,,,,,,,,,,,,,,,,,,,,,
194,,,,,,,,,,,,,,,,,,,,,,,,,,,,,,,,,,,,,,,
196,,,,,,,,,,,,,,,,,,,,,,,,,,,,,,,,,,,,,,,
198,,,,,,,,,,,,,,,,,,,,,,,,,,,,,,,,,,,,,,,
200,,,,,,,,,,,,,,,,,,,,,,,,,,,,,,,,,,,,,,,
202,,,,,,,,,,,,,,,,,,,,,,,,,,,,,,,,,,,,,,,
204,,,,,,,,,,,,,,,,,,,,,,,,,,,,,,,,,,,,,,,
206,,,,,,,,,,,,,,,,,,,,,,,,,,,,,,,,,,,,,,,
208,,,,,,,,,,,,,,,,,,,,,,,,,,,,,,,,,,,,,,,
210,,,,,,,,,,,,,,,,,,,,,,,,,,,,,,,,,,,,,,,
212,,,,,,,,,,,,,,,,,,,,,,,,,,,,,,,,,,,,,,,
214,,,,,,,,,,,,,,,,,,,,,,,,,,,,,,,,,,,,,,,
216,,,,,,,,,,,,,,,,,,,,,,,,,,,,,,,,,,,,,,,
218,,,,,,,,,,,,,,,,,,,,,,,,,,,,,,,,,,,,,,,
220,,,,,,,,,,,,,,,,,,,,,,,,,,,,,,,,,,,,,,,
222,,,,,,,,,,,,,,,,,,,,,,,,,,,,,,,,,,,,,,,
224,,,,,,,,,,,,,,,,,,,,,,,,,,,,,,,,,,,,,,,
226,,,,,,,,,,,,,,,,,,,,,,,,,,,,,,,,,,,,,,,
228,,,,,,,,,,,,,,,,,,,,,,,,,,,,,,,,,,,,,,,
230,,,,,,,,,,,,,,,,,,,,,,,,,,,,,,,,,,,,,,,
232,,,,,,,,,,,,,,,,,,,,,,,,,,,,,,,,,,,,,,,
234,,,,,,,,,,,,,,,,,,,,,,,,,,,,,,,,,,,,,,,
236,,,,,,,,,,,,,,,,,,,,,,,,,,,,,,,,,,,,,,,
238,,,,,,,,,,,,,,,,,,,,,,,,,,,,,,,,,,,,,,,
240,,,,,,,,,,,,,,,,,,,,,,,,,,,,,,,,,,,,,,,
242,,,,,,,,,,,,,,,,,,,,,,,,,,,,,,,,,,,,,,,
244,,,,,,,,,,,,,,,,,,,,,,,,,,,,,,,,,,,,,,,
246,,,,,,,,,,,,,,,,,,,,,,,,,,,,,,,,,,,,,,,
248,,,,,,,,,,,,,,,,,,,,,,,,,,,,,,,,,,,,,,,
250,,,,,,,,,,,,,,,,,,,,,,,,,,,,,,,,,,,,,,,
252,,,,,,,,,,,,,,,,,,,,,,,,,,,,,,,,,,,,,,,
254,,,,,,,,,,,,,,,,,,,,,,,,,,,,,,,,,,,,,,,
255,eat_uki_1.1Ado_d218_m136,eating less meat,United Kingdom,1.1,Adoption over time,per capita beef consumption,Kg/yr,b1,52.0,52.0,-0.0056964,-0.0056956,-0.11265,456.42,-771.44,131000.0,28.656,1935.4,245.23,0.48021,0.44772,1.7876,1.3375,0.48021,0.45899,1.7876,1.3375,0.46498,0.44315,1.8136,1.3623,1.0,,,128.0,eat_uki_1.1Ado_d218_m136,,,
256,,,,,,,,,,,,,,,,,,,,,,,,,,,,,,,,,,,,,,,
257,eat_uki_1.1Ado_d219_m136,eating less meat,United Kingdom,1.1,Adoption over time,per capita other meat consumption,kg/yr,b1,52.0,52.0,0.053533,0.0028923,0.020179,2042.9,82.089,5.9009,1554.8,157000.0,-39.704,0.61,0.58563,0.27535,0.22242,-1.626,-1.7332,0.71449,0.56222,0.47179,0.45023,0.32045,0.2587,4.0,interesting,"reversal, fit to partial",129.0,eat_uki_1.1Ado_d219_m136,,,
258,,,,,,,,,,,,,,,,,,,,,,,,,,,,,,,,,,,,,,,
259,eat_uki_1.1Ado_d220_m136,eating less meat,United Kingdom,1.1,Adoption over time,per capita pig consumption,Kg/yr,b1,52.0,52.0,-0.00080722,-0.00080284,-0.020233,-4440.3,-5443.9,4653.2,40.683,1421.2,66.03,0.078296,0.020689,1.0512,0.8221,0.078303,0.040683,1.0512,0.82209,0.076919,0.039242,1.0519,0.8219,1.0,,,130.0,eat_uki_1.1Ado_d220_m136,,,
260,,,,,,,,,,,,,,,,,,,,,,,,,,,,,,,,,,,,,,,
261,eat_uki_1.1Ado_d221_m136,eating less meat,United Kingdom,1.1,Adoption over time,per capita poultry consumption,kg/yr,b1,52.0,52.0,0.07404,0.021026,0.51647,1985.5,59.352,36.079,5.8645,1932.4,-1007.5,0.96062,0.95815,1.5891,1.4173,0.88601,0.88136,2.7035,2.3784,0.93705,0.93448,2.009,1.7471,1.0,,,131.0,eat_uki_1.1Ado_d221_m136,,,
262,,,,,,,,,,,,,,,,,,,,,,,,,,,,,,,,,,,,,,,
263,eat_uki_1.1Ado_d222_m136,eating less meat,United Kingdom,1.1,Adoption over time,per capita sheep & goat consumption,Kg/yr,b1,52.0,52.0,-0.030543,-0.014031,-0.090678,1999.0,-143.88,12.174,5.292,2007.4,187.34,0.8638,0.85529,0.539,0.42473,0.85809,0.8523,0.5502,0.46013,0.86826,0.86289,0.53011,0.42048,1.0,,,132.0,eat_uki_1.1Ado_d222_m136,,,
264,,,,,,,,,,,,,,,,,,,,,,,,,,,,,,,,,,,,,,,
265,eat_uki_1.1Ado_d223_m136,eating less meat,United Kingdom,1.1,Adoption over time,per capita total meat consumption,kg/yr,b1,52.0,52.0,0.0041354,0.0041322,0.31308,3726.5,1062.6,97736.0,20.82,1682.1,-548.59,0.74769,0.73192,2.7369,2.1484,0.7477,0.7374,2.7369,2.1484,0.74368,0.73321,2.7586,2.1832,1.0,,,133.0,eat_uki_1.1Ado_d223_m136,,,
266,,,,,,,,,,,,,,,,,,,,,,,,,,,,,,,,,,,,,,,
267,eat_uki_1.1Ado_d37_m37,eating less meat,United Kingdom,1.1,Adoption over time,% poultry+pig in total meat consumption,% kg/yr,b1,52.0,52.0,0.041586,0.0060389,0.0039166,1952.2,105.67,0.75656,0.1527,1759.7,-7.1787,0.91438,0.90903,0.018334,0.014826,0.8644,0.85887,0.023072,0.017446,0.88012,0.87523,0.021694,0.016436,1.0,,,134.0,eat_uki_1.1Ado_d37_m37,,,
268,,,,,,,,,,,,,,,,,,,,,,,,,,,,,,,,,,,,,,,
269,eat_uki_1.1Ado_d38_m37,eating less meat,United Kingdom,1.1,Adoption over time,% red in total meat consumption,% kg/yr,b1,52.0,52.0,-0.01104,0.00059214,-0.0039166,1068.3,-398.05,9990.0,1555.2,157000.0,8.1787,0.9008,0.8946,0.019734,0.015046,-33.582,-34.993,0.36846,0.3631,0.88012,0.87523,0.021694,0.016436,1.0,,,135.0,eat_uki_1.1Ado_d38_m37,,,
270,,,,,,,,,,,,,,,,,,,,,,,,,,,,,,,,,,,,,,,
271,eat_uki_2.4Eas_d206_m100,eating less meat,United Kingdom,2.4,Ease of Use,Vegetable consumption per capita,Kg/year,b1,52.0,52.0,0.014386,0.014386,1.2725,2739.2,305.47,4150000.0,7.613,1821.1,-2443.4,0.75166,0.73613,11.419,9.0469,0.75166,0.74152,11.419,9.0466,0.6947,0.68224,12.661,9.9311,1.0,,,136.0,eat_uki_2.4Eas_d206_m100,,,
272,,,,,,,,,,,,,,,,,,,,,,,,,,,,,,,,,,,,,,,
273,eat_uki_4.5Inf_d121_m100,eating less meat,United Kingdom,4.5,Physical Infrastructure Dependence,Meat supply/person,Kg/year,b1,52.0,52.0,0.0041345,0.0041313,0.31301,3726.6,1062.9,97651.0,22.702,1703.0,-548.45,0.74772,0.73196,2.7361,2.1477,0.74772,0.73743,2.7361,2.1477,0.74371,0.73325,2.7578,2.1829,1.0,,,137.0,eat_uki_4.5Inf_d121_m100,,,
274,,,,,,,,,,,,,,,,,,,,,,,,,,,,,,,,,,,,,,,
275,eat_usa_1.1Ado_d218_m136,eating less meat,United States,1.1,Adoption over time,per capita beef consumption,Kg/yr,b1,52.0,52.0,-0.0092292,-0.0092277,-0.41287,1054.1,-476.14,265000.0,90.943,1918.5,869.02,0.89365,0.887,2.1469,1.6393,0.89365,0.88931,2.1469,1.6393,0.88602,0.88137,2.2225,1.6615,1.0,,,138.0,eat_usa_1.1Ado_d218_m136,,,
276,,,,,,,,,,,,,,,,,,,,,,,,,,,,,,,,,,,,,,,
277,eat_usa_1.1Ado_d219_m136,eating less meat,United States,1.1,Adoption over time,per capita other meat consumption,kg/yr,b1,52.0,52.0,-0.0085031,0.00028197,-0.0067266,812.11,-516.8,20204.0,1555.6,157000.0,14.292,0.55847,0.53087,0.094059,0.082082,-37.709,-39.289,0.8807,0.86925,0.50864,0.48859,0.099225,0.086333,1.0,,,139.0,eat_usa_1.1Ado_d219_m136,,,
278,,,,,,,,,,,,,,,,,,,,,,,,,,,,,,,,,,,,,,,
279,eat_usa_1.1Ado_d220_m136,eating less meat,United States,1.1,Adoption over time,per capita pig consumption,Kg/yr,b1,52.0,52.0,-0.031676,-0.001455,-0.043029,2092.5,-138.73,30.92,41.833,1753.3,115.28,0.13016,0.0758,1.7144,1.3694,0.12276,0.086957,1.7217,1.3787,0.12342,0.087643,1.7211,1.378,1.0,,,140.0,eat_usa_1.1Ado_d220_m136,,,
280,,,,,,,,,,,,,,,,,,,,,,,,,,,,,,,,,,,,,,,
281,eat_usa_1.1Ado_d221_m136,eating less meat,United States,1.1,Adoption over time,per capita poultry consumption,kg/yr,b1,52.0,52.0,0.071971,0.017386,0.76179,1980.9,61.059,59.22,6.394,1889.9,-1478.8,0.97438,0.97278,1.8872,1.5531,0.88935,0.88483,3.9222,3.6669,0.94023,0.93779,2.8827,2.6324,1.0,,,141.0,eat_usa_1.1Ado_d221_m136,,,
282,,,,,,,,,,,,,,,,,,,,,,,,,,,,,,,,,,,,,,,
283,eat_usa_1.1Ado_d222_m136,eating less meat,United States,1.1,Adoption over time,per capita sheep & goat consumption,Kg/yr,b1,52.0,52.0,-0.021271,-0.021271,-0.01241,1464.2,-206.59,51943.0,6.1196,1889.5,25.443,0.70705,0.68874,0.12882,0.089163,0.70705,0.69509,0.12882,0.089169,0.61237,0.59655,0.14818,0.10559,4.0,,"reversal, fit to partial",142.0,eat_usa_1.1Ado_d222_m136,,,
284,,,,,,,,,,,,,,,,,,,,,,,,,,,,,,,,,,,,,,,
285,eat_usa_1.1Ado_d223_m136,eating less meat,United States,1.1,Adoption over time,per capita total meat consumption,kg/yr,b1,52.0,52.0,0.040981,0.0024172,0.28675,1926.3,107.23,125.52,37.4,1522.4,-454.77,0.61249,0.58827,3.5489,3.0052,0.56412,0.54633,3.7639,3.0661,0.56984,0.55228,3.7392,3.0505,1.0,,,143.0,eat_usa_1.1Ado_d223_m136,,,
286,,,,,,,,,,,,,,,,,,,,,,,,,,,,,,,,,,,,,,,
287,eat_usa_1.1Ado_d37_m37,eating less meat,United States,1.1,Adoption over time,% poultry+pig in total meat consumption,% kg/yr,b1,52.0,52.0,0.045038,0.0077143,0.0047322,1960.1,97.571,0.73931,5.5283,2284.3,-8.8434,0.94461,0.94115,0.017504,0.012082,0.89165,0.88723,0.024481,0.018745,0.9119,0.9083,0.022076,0.016528,1.0,,,144.0,eat_usa_1.1Ado_d37_m37,,,
288,,,,,,,,,,,,,,,,,,,,,,,,,,,,,,,,,,,,,,,
289,eat_usa_1.1Ado_d38_m37,eating less meat,United States,1.1,Adoption over time,% red in total meat consumption,% kg/yr,b1,52.0,52.0,-0.012099,0.00051081,-0.0047322,1144.4,-363.2,11677.0,1555.3,157000.0,9.8434,0.93329,0.92912,0.01921,0.014155,-28.97,-30.193,0.40716,0.40031,0.9119,0.9083,0.022076,0.016528,1.0,,,145.0,eat_usa_1.1Ado_d38_m37,,,
290,,,,,,,,,,,,,,,,,,,,,,,,,,,,,,,,,,,,,,,
291,eat_usa_2.4Eas_d206_m100,eating less meat,United States,2.4,Ease of Use,Vegetable consumption per capita,Kg/year,b1,52.0,52.0,0.067306,0.003918,0.47889,1951.6,65.291,128.27,25.877,1606.5,-836.61,0.72934,0.71243,4.7764,3.7871,0.59676,0.5803,5.8301,4.7046,0.61283,0.59703,5.7128,4.6148,1.0,,,146.0,eat_usa_2.4Eas_d206_m100,,,
292,,,,,,,,,,,,,,,,,,,,,,,,,,,,,,,,,,,,,,,
293,eat_usa_4.5Inf_d121_m100,eating less meat,United States,4.5,Physical Infrastructure Dependence,Meat supply/person,Kg/year,b1,52.0,52.0,0.041017,0.0024167,0.28669,1926.3,107.14,125.51,34.656,1490.8,-454.66,0.61265,0.58844,3.5473,3.004,0.5642,0.54641,3.7626,3.0648,0.56992,0.55236,3.7378,3.0493,1.0,,,147.0,eat_usa_4.5Inf_d121_m100,,,
294,,,,,,,,,,,,,,,,,,,,,,,,,,,,,,,,,,,,,,,
296,,,,,,,,,,,,,,,,,,,,,,,,,,,,,,,,,,,,,,,
298,,,,,,,,,,,,,,,,,,,,,,,,,,,,,,,,,,,,,,,
300,,,,,,,,,,,,,,,,,,,,,,,,,,,,,,,,,,,,,,,
301,ebi_net_1.1Ado_d119_m29,e-bikes,The Netherlands,1.1,Adoption over time,Market share,%,b8,8.0,8.0,0.18358,0.1091,4.4881,2020.1,23.937,106.16,0.1838,1968.2,-9013.6,0.97412,0.9547,1.6805,1.4544,0.96906,0.95669,1.8372,1.525,0.96922,0.9569,1.8327,1.503,1.0,,,151.0,ebi_net_1.1Ado_d119_m29,,,
302,,,,,,,,,,,,,,,,,,,,,,,,,,,,,,,,,,,,,,,
304,,,,,,,,,,,,,,,,,,,,,,,,,,,,,,,,,,,,,,,
306,,,,,,,,,,,,,,,,,,,,,,,,,,,,,,,,,,,,,,,
308,,,,,,,,,,,,,,,,,,,,,,,,,,,,,,,,,,,,,,,
310,,,,,,,,,,,,,,,,,,,,,,,,,,,,,,,,,,,,,,,
312,,,,,,,,,,,,,,,,,,,,,,,,,,,,,,,,,,,,,,,
314,,,,,,,,,,,,,,,,,,,,,,,,,,,,,,,,,,,,,,,
315,ebi_net_4.5Inf_d77_m137,e-bikes,The Netherlands,4.5,Provisioning system,Development of cycling distance per person,km,b8,5.0,5.0,0.34764,0.20197,33.217,2020.6,12.641,599.65,7.33e-05,1945.4,-66817.0,0.99098,0.9639,11.354,9.2025,0.97838,0.95677,17.571,15.737,0.97017,0.94035,20.641,17.032,2.0,,,158.0,ebi_net_4.5Inf_d77_m137,,,
316,,,,,,,,,,,,,,,,,,,,,,,,,,,,,,,,,,,,,,,
318,,,,,,,,,,,,,,,,,,,,,,,,,,,,,,,,,,,,,,,
320,,,,,,,,,,,,,,,,,,,,,,,,,,,,,,,,,,,,,,,
322,,,,,,,,,,,,,,,,,,,,,,,,,,,,,,,,,,,,,,,
324,,,,,,,,,,,,,,,,,,,,,,,,,,,,,,,,,,,,,,,
326,,,,,,,,,,,,,,,,,,,,,,,,,,,,,,,,,,,,,,,
328,,,,,,,,,,,,,,,,,,,,,,,,,,,,,,,,,,,,,,,
330,,,,,,,,,,,,,,,,,,,,,,,,,,,,,,,,,,,,,,,
332,,,,,,,,,,,,,,,,,,,,,,,,,,,,,,,,,,,,,,,
334,,,,,,,,,,,,,,,,,,,,,,,,,,,,,,,,,,,,,,,
336,,,,,,,,,,,,,,,,,,,,,,,,,,,,,,,,,,,,,,,
338,,,,,,,,,,,,,,,,,,,,,,,,,,,,,,,,,,,,,,,
340,,,,,,,,,,,,,,,,,,,,,,,,,,,,,,,,,,,,,,,
342,,,,,,,,,,,,,,,,,,,,,,,,,,,,,,,,,,,,,,,
344,,,,,,,,,,,,,,,,,,,,,,,,,,,,,,,,,,,,,,,
346,,,,,,,,,,,,,,,,,,,,,,,,,,,,,,,,,,,,,,,
348,,,,,,,,,,,,,,,,,,,,,,,,,,,,,,,,,,,,,,,
350,,,,,,,,,,,,,,,,,,,,,,,,,,,,,,,,,,,,,,,
352,,,,,,,,,,,,,,,,,,,,,,,,,,,,,,,,,,,,,,,
354,,,,,,,,,,,,,,,,,,,,,,,,,,,,,,,,,,,,,,,
356,,,,,,,,,,,,,,,,,,,,,,,,,,,,,,,,,,,,,,,
358,,,,,,,,,,,,,,,,,,,,,,,,,,,,,,,,,,,,,,,
360,,,,,,,,,,,,,,,,,,,,,,,,,,,,,,,,,,,,,,,
362,,,,,,,,,,,,,,,,,,,,,,,,,,,,,,,,,,,,,,,
364,,,,,,,,,,,,,,,,,,,,,,,,,,,,,,,,,,,,,,,
366,,,,,,,,,,,,,,,,,,,,,,,,,,,,,,,,,,,,,,,
368,,,,,,,,,,,,,,,,,,,,,,,,,,,,,,,,,,,,,,,
370,,,,,,,,,,,,,,,,,,,,,,,,,,,,,,,,,,,,,,,
372,,,,,,,,,,,,,,,,,,,,,,,,,,,,,,,,,,,,,,,
374,,,,,,,,,,,,,,,,,,,,,,,,,,,,,,,,,,,,,,,
376,,,,,,,,,,,,,,,,,,,,,,,,,,,,,,,,,,,,,,,
378,,,,,,,,,,,,,,,,,,,,,,,,,,,,,,,,,,,,,,,
380,,,,,,,,,,,,,,,,,,,,,,,,,,,,,,,,,,,,,,,
382,,,,,,,,,,,,,,,,,,,,,,,,,,,,,,,,,,,,,,,
384,,,,,,,,,,,,,,,,,,,,,,,,,,,,,,,,,,,,,,,
386,,,,,,,,,,,,,,,,,,,,,,,,,,,,,,,,,,,,,,,
388,,,,,,,,,,,,,,,,,,,,,,,,,,,,,,,,,,,,,,,
390,,,,,,,,,,,,,,,,,,,,,,,,,,,,,,,,,,,,,,,
392,,,,,,,,,,,,,,,,,,,,,,,,,,,,,,,,,,,,,,,
394,,,,,,,,,,,,,,,,,,,,,,,,,,,,,,,,,,,,,,,
396,,,,,,,,,,,,,,,,,,,,,,,,,,,,,,,,,,,,,,,
398,,,,,,,,,,,,,,,,,,,,,,,,,,,,,,,,,,,,,,,
400,,,,,,,,,,,,,,,,,,,,,,,,,,,,,,,,,,,,,,,
402,,,,,,,,,,,,,,,,,,,,,,,,,,,,,,,,,,,,,,,
404,,,,,,,,,,,,,,,,,,,,,,,,,,,,,,,,,,,,,,,
406,,,,,,,,,,,,,,,,,,,,,,,,,,,,,,,,,,,,,,,
408,,,,,,,,,,,,,,,,,,,,,,,,,,,,,,,,,,,,,,,
410,,,,,,,,,,,,,,,,,,,,,,,,,,,,,,,,,,,,,,,
412,,,,,,,,,,,,,,,,,,,,,,,,,,,,,,,,,,,,,,,
414,,,,,,,,,,,,,,,,,,,,,,,,,,,,,,,,,,,,,,,
416,,,,,,,,,,,,,,,,,,,,,,,,,,,,,,,,,,,,,,,
418,,,,,,,,,,,,,,,,,,,,,,,,,,,,,,,,,,,,,,,
420,,,,,,,,,,,,,,,,,,,,,,,,,,,,,,,,,,,,,,,
422,,,,,,,,,,,,,,,,,,,,,,,,,,,,,,,,,,,,,,,
424,,,,,,,,,,,,,,,,,,,,,,,,,,,,,,,,,,,,,,,
426,,,,,,,,,,,,,,,,,,,,,,,,,,,,,,,,,,,,,,,
428,,,,,,,,,,,,,,,,,,,,,,,,,,,,,,,,,,,,,,,
430,,,,,,,,,,,,,,,,,,,,,,,,,,,,,,,,,,,,,,,
432,,,,,,,,,,,,,,,,,,,,,,,,,,,,,,,,,,,,,,,
434,,,,,,,,,,,,,,,,,,,,,,,,,,,,,,,,,,,,,,,
436,,,,,,,,,,,,,,,,,,,,,,,,,,,,,,,,,,,,,,,
438,,,,,,,,,,,,,,,,,,,,,,,,,,,,,,,,,,,,,,,
440,,,,,,,,,,,,,,,,,,,,,,,,,,,,,,,,,,,,,,,
442,,,,,,,,,,,,,,,,,,,,,,,,,,,,,,,,,,,,,,,
444,,,,,,,,,,,,,,,,,,,,,,,,,,,,,,,,,,,,,,,
445,eco_usa_1.1Ado_d115_m73,e-commerce,United States,1.1,Adoption over time,Internet sales as a percentage of total retail sales (ratio) (%),% of total retail,m4,24.0,24.0,0.13227,0.10382,0.6277,2026.3,33.224,40.748,12.562,2020.3,-1256.2,0.9826,0.97999,0.59789,0.41124,0.97901,0.97701,0.65659,0.4053,0.91911,0.9114,1.289,1.1167,1.0,,,223.0,eco_usa_1.1Ado_d115_m73,,,
446,,,,,,,,,,,,,,,,,,,,,,,,,,,,,,,,,,,,,,,
447,eco_usa_1.1Ado_d49_m106,e-commerce,United States,1.1,Adoption over time,Annual e-commerce sales value,Millions of US dollars,m4,25.0,25.0,0.15561,0.15561,35325.0,2097.1,28.24,123000000000.0,3.15e-08,1822.0,-70700000.0,0.98915,0.9876,29515.0,21893.0,0.98915,0.98816,29515.0,21893.0,0.80825,0.79082,124000.0,101000.0,1.0,,,224.0,eco_usa_1.1Ado_d49_m106,,,
448,,,,,,,,,,,,,,,,,,,,,,,,,,,,,,,,,,,,,,,
449,eco_usa_2.4Eas_d160_m59,e-commerce,United States,2.4,Ease of Use,Owns a credit card,% of age 15+,m4,4.0,4.0,0.0094346,0.0094259,0.59785,2756.9,465.78,69221.0,9.2231,1811.0,-1141.5,0.69274,#NAME?,1.4772,1.231,0.69275,0.078237,1.4772,1.231,0.68891,0.066718,1.4864,1.2237,2.0,,,225.0,eco_usa_2.4Eas_d160_m59,,,
450,,,,,,,,,,,,,,,,,,,,,,,,,,,,,,,,,,,,,,,
451,eco_usa_2.4Eas_d161_m59,e-commerce,United States,2.4,Ease of Use,Owns a debit card,% of age 15+,m4,4.0,4.0,0.14875,0.014072,1.1083,2000.6,29.543,86.866,5.295,1824.9,-2156.2,0.99746,#NAME?,0.21061,0.18674,0.95626,0.86879,0.87313,0.83354,0.96448,0.89343,0.78688,0.74957,2.0,,,226.0,eco_usa_2.4Eas_d161_m59,,,
452,,,,,,,,,,,,,,,,,,,,,,,,,,,,,,,,,,,,,,,
453,eco_usa_2.4Eas_d45_m59,e-commerce,United States,2.4,Ease of Use,Account in financial institution,% of age 15+,m4,4.0,4.0,0.6801,0.0065123,0.60845,2007.1,6.4615,94.204,13.209,1717.1,-1134.1,0.94429,#NAME?,0.62586,0.49405,0.7141,0.14229,1.4179,1.1257,0.72062,0.16187,1.4016,1.1211,2.0,,,227.0,eco_usa_2.4Eas_d45_m59,,,
454,,,,,,,,,,,,,,,,,,,,,,,,,,,,,,,,,,,,,,,
455,eco_usa_2.5Var_d65_m61,e-commerce,United States,2.5,Variety (Choice Availability),Businesses with a web presence,% of business,m4,2.0,2.0,,,2.19,,,,,,-4333.4,,,,,,,,,1.0,1,4.6e-13,4.51e-13,3.0,,"reject, too few data points",228.0,eco_usa_2.5Var_d65_m61,,,
456,,,,,,,,,,,,,,,,,,,,,,,,,,,,,,,,,,,,,,,
457,eco_usa_4.3Com_d116_m67,e-commerce,United States,4.3,Compatibility,Internet users buying online,% of Internet users,m4,5.0,5.0,0.77787,0.033579,2.3865,2011.7,5.6494,73.993,1.3384,1899.9,-4744.9,0.95149,0.80596,1.707,1.3018,0.73215,0.4643,4.011,3.3007,0.75858,0.51716,3.808,3.056,2.0,,,229.0,eco_usa_4.3Com_d116_m67,,,
458,,,,,,,,,,,,,,,,,,,,,,,,,,,,,,,,,,,,,,,
459,eco_usa_4.5Inf_d174_m65,e-commerce,United States,4.5,Infrastructure dependence,Proportion of households with Internet access either via a fixed or mobile network,% of households,m4,22.0,22.0,0.091288,0.030827,2.2102,2003.8,48.138,110.04,1.5925,1888.3,-4373.4,0.98908,0.98726,1.4765,1.2128,0.96492,0.96123,2.6468,1.8435,0.98459,0.98297,1.7543,1.3311,1.0,,,230.0,eco_usa_4.5Inf_d174_m65,,,
460,,,,,,,,,,,,,,,,,,,,,,,,,,,,,,,,,,,,,,,
462,,,,,,,,,,,,,,,,,,,,,,,,,,,,,,,,,,,,,,,
464,,,,,,,,,,,,,,,,,,,,,,,,,,,,,,,,,,,,,,,
466,,,,,,,,,,,,,,,,,,,,,,,,,,,,,,,,,,,,,,,
468,,,,,,,,,,,,,,,,,,,,,,,,,,,,,,,,,,,,,,,
470,,,,,,,,,,,,,,,,,,,,,,,,,,,,,,,,,,,,,,,
472,,,,,,,,,,,,,,,,,,,,,,,,,,,,,,,,,,,,,,,
474,,,,,,,,,,,,,,,,,,,,,,,,,,,,,,,,,,,,,,,
476,,,,,,,,,,,,,,,,,,,,,,,,,,,,,,,,,,,,,,,
478,,,,,,,,,,,,,,,,,,,,,,,,,,,,,,,,,,,,,,,
480,,,,,,,,,,,,,,,,,,,,,,,,,,,,,,,,,,,,,,,
482,,,,,,,,,,,,,,,,,,,,,,,,,,,,,,,,,,,,,,,
484,,,,,,,,,,,,,,,,,,,,,,,,,,,,,,,,,,,,,,,
486,,,,,,,,,,,,,,,,,,,,,,,,,,,,,,,,,,,,,,,
488,,,,,,,,,,,,,,,,,,,,,,,,,,,,,,,,,,,,,,,
490,,,,,,,,,,,,,,,,,,,,,,,,,,,,,,,,,,,,,,,
492,,,,,,,,,,,,,,,,,,,,,,,,,,,,,,,,,,,,,,,
494,,,,,,,,,,,,,,,,,,,,,,,,,,,,,,,,,,,,,,,
496,,,,,,,,,,,,,,,,,,,,,,,,,,,,,,,,,,,,,,,
498,,,,,,,,,,,,,,,,,,,,,,,,,,,,,,,,,,,,,,,
500,,,,,,,,,,,,,,,,,,,,,,,,,,,,,,,,,,,,,,,
502,,,,,,,,,,,,,,,,,,,,,,,,,,,,,,,,,,,,,,,
504,,,,,,,,,,,,,,,,,,,,,,,,,,,,,,,,,,,,,,,
506,,,,,,,,,,,,,,,,,,,,,,,,,,,,,,,,,,,,,,,
508,,,,,,,,,,,,,,,,,,,,,,,,,,,,,,,,,,,,,,,
510,,,,,,,,,,,,,,,,,,,,,,,,,,,,,,,,,,,,,,,
512,,,,,,,,,,,,,,,,,,,,,,,,,,,,,,,,,,,,,,,
514,,,,,,,,,,,,,,,,,,,,,,,,,,,,,,,,,,,,,,,
516,,,,,,,,,,,,,,,,,,,,,,,,,,,,,,,,,,,,,,,
518,,,,,,,,,,,,,,,,,,,,,,,,,,,,,,,,,,,,,,,
520,,,,,,,,,,,,,,,,,,,,,,,,,,,,,,,,,,,,,,,
522,,,,,,,,,,,,,,,,,,,,,,,,,,,,,,,,,,,,,,,
524,,,,,,,,,,,,,,,,,,,,,,,,,,,,,,,,,,,,,,,
526,,,,,,,,,,,,,,,,,,,,,,,,,,,,,,,,,,,,,,,
528,,,,,,,,,,,,,,,,,,,,,,,,,,,,,,,,,,,,,,,
530,,,,,,,,,,,,,,,,,,,,,,,,,,,,,,,,,,,,,,,
532,,,,,,,,,,,,,,,,,,,,,,,,,,,,,,,,,,,,,,,
534,,,,,,,,,,,,,,,,,,,,,,,,,,,,,,,,,,,,,,,
536,,,,,,,,,,,,,,,,,,,,,,,,,,,,,,,,,,,,,,,
538,,,,,,,,,,,,,,,,,,,,,,,,,,,,,,,,,,,,,,,
540,,,,,,,,,,,,,,,,,,,,,,,,,,,,,,,,,,,,,,,
542,,,,,,,,,,,,,,,,,,,,,,,,,,,,,,,,,,,,,,,
544,,,,,,,,,,,,,,,,,,,,,,,,,,,,,,,,,,,,,,,
546,,,,,,,,,,,,,,,,,,,,,,,,,,,,,,,,,,,,,,,
548,,,,,,,,,,,,,,,,,,,,,,,,,,,,,,,,,,,,,,,
549,ego_uki_1.1Ado_d34_m29,e-government,United Kingdom,1.1,Adoption over time,% people who interacted online with public authorities (in the past year),%,s2,13.0,13.0,0.032088,0.032084,1.5379,2293.2,136.95,381000.0,1.674,1908.8,-3047.9,0.67178,0.56237,4.0789,3.5589,0.67178,0.60613,4.0789,3.5589,0.65319,0.58383,4.1928,3.5775,2.0,,,275.0,ego_uki_1.1Ado_d34_m29,,,
550,,,,,,,,,,,,,,,,,,,,,,,,,,,,,,,,,,,,,,,
551,ego_uki_1.1Ado_d35_m29,e-government,United Kingdom,1.1,Adoption over time,% people who obtained information from public authorities' web sites (in the past year),%,s2,13.0,13.0,0.026366,0.026361,0.96786,2337.3,166.67,191000.0,3.1062,1919.1,-1911.2,0.44058,0.25411,4.1574,3.4796,0.44059,0.3287,4.1574,3.4796,0.42447,0.30937,4.2168,3.5709,2.0,,,276.0,ego_uki_1.1Ado_d35_m29,,,
552,,,,,,,,,,,,,,,,,,,,,,,,,,,,,,,,,,,,,,,
553,ego_uki_1.1Ado_d36_m29,e-government,United Kingdom,1.1,Adoption over time,% people who submitted completed public authorities' forms online (in the past year),%,s2,13.0,13.0,0.12403,0.074867,2.3235,2018.4,35.43,83.23,0.84606,1966.4,-4648.6,0.82361,0.76482,4.0372,3.1973,0.81775,0.7813,4.1037,3.1477,0.81797,0.78156,4.1012,3.2469,2.0,,,277.0,ego_uki_1.1Ado_d36_m29,,,
554,,,,,,,,,,,,,,,,,,,,,,,,,,,,,,,,,,,,,,,
555,ego_uki_2.2Rel_d111_m29,e-government,United Kingdom,2.2,Relative Advantge (profitability),"ICT service exports (% of service exports, BoP)",%,s2,33.0,33.0,0.06321,0.026443,0.17078,2003.5,69.521,11.515,10.144,2026.0,-336.43,0.94049,0.93434,0.40947,0.31405,0.92172,0.9165,0.46963,0.39046,0.93857,0.93448,0.41603,0.32075,1.0,,,278.0,ego_uki_2.2Rel_d111_m29,,,
556,,,,,,,,,,,,,,,,,,,,,,,,,,,,,,,,,,,,,,,
557,ego_uki_2.4Eas_d3_m29,e-government,United Kingdom,2.4,Ease of Use / Acccessibility,% households who can not afford a computer,%,s2,14.0,14.0,-0.051417,-0.018556,-0.20396,1866.1,-85.467,6793.0,-1537.3,-153000.0,414.19,0.32044,0.11657,1.1874,1.082,-7.4383,-8.9725,4.1843,3.9286,0.32578,0.2032,1.1828,1.086,2.0,,,279.0,ego_uki_2.4Eas_d3_m29,,,
558,,,,,,,,,,,,,,,,,,,,,,,,,,,,,,,,,,,,,,,
559,ego_uki_2.5Var_d148_m97,e-government,United Kingdom,2.5,Variety: Choice Availability,Online Service Index (# services available online /180 total),Index 0-1,s2,11.0,11.0,30.968,0.01689,0.015458,2003.1,0.1419,0.8992,0.12388,1899.8,-30.274,0.8212,0.74458,0.10539,0.088322,0.13764,-0.077944,0.23145,0.1671,0.15177,-0.060293,0.22955,0.16489,3.0,1 low pt,ok,280.0,ego_uki_2.5Var_d148_m97,,,
560,,,,,,,,,,,,,,,,,,,,,,,,,,,,,,,,,,,,,,,
561,ego_uki_2.5Var_d85_m97,e-government,United Kingdom,2.5,Variety: Choice Availability,"E-Participation Index (three components of citizen involvement: e-information, e-consultation and e-decision-making; indexed 0-1)",Index 0-1,s2,11.0,11.0,26.443,0.016288,0.01456,2003.1,0.16618,0.85558,0.11714,1895.9,-28.515,0.60691,0.43844,0.19397,0.15493,0.076463,-0.15442,0.29731,0.24482,0.087382,-0.14077,0.29555,0.24255,3.0,1 low pt,ok,281.0,ego_uki_2.5Var_d85_m97,,,
562,,,,,,,,,,,,,,,,,,,,,,,,,,,,,,,,,,,,,,,
563,ego_uki_2.9Int_d4_m29,e-government,United Kingdom,2.9,Inter-dependence with hardware,% households with a computer,%,s2,24.0,24.0,0.18895,0.046251,3.1402,2000.2,23.258,95.302,0.71916,1909.5,-6233.4,0.98443,0.9821,2.9819,2.0718,0.86665,0.85395,8.728,7.877,0.94217,0.93666,5.7479,4.9502,1.0,,,282.0,ego_uki_2.9Int_d4_m29,,,
564,,,,,,,,,,,,,,,,,,,,,,,,,,,,,,,,,,,,,,,
565,ego_uki_4.5Inf_d5_m29,e-government,United Kingdom,4.5,Physical Infrastructure dependence,% households with broadband internet connection (fixed or mobile),%,s2,16.0,16.0,0.49183,0.066708,5.1837,2006.5,8.9349,92.49,0.24886,1927.5,-10356.0,0.99049,0.98812,2.7262,2.363,0.76883,0.73326,13.443,11.371,0.8742,0.85484,9.9171,8.7243,1.0,,,283.0,ego_uki_4.5Inf_d5_m29,,,
566,,,,,,,,,,,,,,,,,,,,,,,,,,,,,,,,,,,,,,,
567,ene_net_1.1Ado_d193_m7,energy community,Netherlands,1.1,Adoption over time,Total energy communities,# communities,s6,38.0,38.0,0.43106,0.15918,13.009,2016.8,10.195,622.28,0.00040499,1932.9,-25961.0,0.99702,0.99676,9.9699,8.9774,0.95233,0.9496,39.907,27.979,0.60923,0.5869,114.25,97.142,1.0,,,284.0,ene_net_1.1Ado_d193_m7,,,
568,,,,,,,,,,,,,,,,,,,,,,,,,,,,,,,,,,,,,,,
569,ene_net_1.1Ado_d93_m13,energy community,Netherlands,1.1,Adoption over time,Energy community members,# members,s6,8.0,8.0,0.27763,0.12664,11742.0,2019.4,15.828,179000.0,2.42e-06,1827.5,-23600000.0,0.99324,0.98818,2220.7,1726.3,0.97498,0.96497,4273.6,3741.4,0.99174,0.98844,2455.0,1866.4,1.0,,,285.0,ene_net_1.1Ado_d93_m13,,,
570,,,,,,,,,,,,,,,,,,,,,,,,,,,,,,,,,,,,,,,
571,ene_net_1.1Ado_d93_m65,energy community,Netherlands,1.1,Adoption over time,Energy community members,% of households,s6,8.0,8.0,0.28641,0.11767,0.0013669,2018.7,15.343,0.02055,6.5906,2073.9,-2.7491,0.99151,0.98514,0.00029025,0.00022928,0.96817,0.95544,0.0005619,0.00049324,0.98879,0.98431,0.00033348,0.00024501,1.0,,,286.0,ene_net_1.1Ado_d93_m65,,,
572,,,,,,,,,,,,,,,,,,,,,,,,,,,,,,,,,,,,,,,
573,ene_net_1.1Ado_d94_m19,energy community,Netherlands,1.1,Adoption over time,Energy community projects,# projects,s6,38.0,36.0,0.49977,0.23193,22.417,2019.4,8.7929,1525.4,5.82e-05,1949.5,-44757.0,0.99863,0.99851,13.044,9.8336,0.97573,0.97434,54.871,33.714,0.48711,0.45781,252.24,200.85,1.0,,,287.0,ene_net_1.1Ado_d94_m19,,,
574,,,,,,,,,,,,,,,,,,,,,,,,,,,,,,,,,,,,,,,
575,ene_net_2.1Lea_d209_m132,energy community,Netherlands,2.1,Interdependence with Hardware,avg size of new project in year,kW,s6,38.0,28.0,1.5137,0.013863,17.342,1999.8,2.9031,1189.4,8.203,1673.9,-33956.0,0.096327,0.016591,1388.5,803.22,0.010996,-0.045518,1452.5,839.34,0.016953,-0.039221,1448.2,830.37,3.0,,"volatile, use lin fit",288.0,ene_net_2.1Lea_d209_m132,,,
576,,,,,,,,,,,,,,,,,,,,,,,,,,,,,,,,,,,,,,,
577,ene_net_2.1Lea_d214_m132,energy community,Netherlands,2.1,Interdependence with Hardware,max size of new project in year,kW,s6,38.0,28.0,1.5562,0.10981,400.62,2015.9,2.8239,15906.0,0.0002599,1858.9,-799000.0,0.59111,0.55503,4518.2,2230.7,0.47491,0.4449,5120.0,2811.0,0.38657,0.35152,5534.0,3640.4,3.0,,ok,289.0,ene_net_2.1Lea_d214_m132,,,
578,,,,,,,,,,,,,,,,,,,,,,,,,,,,,,,,,,,,,,,
579,ene_net_2.1Lea_d215_m132,energy community,Netherlands,2.1,Interdependence with Hardware,min size of new project in year,kW,s6,38.0,28.0,-48.988,0.00054481,0.51406,2010.9,-0.089705,812.36,231.81,461.69,-493.08,0.105,0.026026,1113.4,631.86,1.3e-05,-0.057129,1176.9,742.34,2.29e-05,-0.057119,1176.9,742.48,3.0,,"volatile, use lin fit",290.0,ene_net_2.1Lea_d215_m132,,,
580,,,,,,,,,,,,,,,,,,,,,,,,,,,,,,,,,,,,,,,
581,ene_net_2.5Var_d181_m30,energy community,Netherlands,2.5,Variety (Choice Availability),Share of PV in new projects,% PV in new projects,s6,38.0,13.0,0.4242,0.0027437,0.018496,2012.2,10.359,0.59047,1554.7,158000.0,-36.904,0.65405,0.62353,0.1678,0.084543,-0.36125,-0.43904,0.33285,0.17147,0.50546,0.4772,0.20062,0.15484,3.0,,"volatile, use lin fit",291.0,ene_net_2.5Var_d181_m30,,,
582,,,,,,,,,,,,,,,,,,,,,,,,,,,,,,,,,,,,,,,
583,ene_net_2.5Var_d188_m91,energy community,Netherlands,2.5,Variety (Choice Availability),Share of wind in new projects,% wind in new projects,s6,38.0,27.0,-0.42394,0.0046022,0.0031692,2023.2,-10.366,0.59298,0.31232,1875.8,-5.7873,0.021697,-0.064624,0.42548,0.38428,0.0053589,-0.051478,0.42902,0.40026,0.0065268,-0.050243,0.42876,0.40032,3.0,,"don't use, too volatile",292.0,ene_net_2.5Var_d188_m91,,,
584,,,,,,,,,,,,,,,,,,,,,,,,,,,,,,,,,,,,,,,
585,ene_net_2.9Int_d92_m103,energy community,Netherlands,2.9,Interdependence with Hardware,Energy community installed capacity,MW,s6,38.0,36.0,0.34126,0.22424,11.727,2021.9,12.877,1196.4,2.66e-05,1946.5,-23409.0,0.99405,0.99352,13.683,9.6689,0.98836,0.9877,19.135,10.605,0.52567,0.49857,122.15,95.08,1.0,,,293.0,ene_net_2.9Int_d92_m103,,,
586,,,,,,,,,,,,,,,,,,,,,,,,,,,,,,,,,,,,,,,
587,fir_afr_1.1Ado_d208_m16,firm esg reporting,Africa,1.1,Adoption over time,Voluntary adoption of GRI reporting,# of companies,m13,14.0,14.0,0.81416,0.13421,14.679,2009.1,5.3975,164.41,0.021638,1948.3,-29408.0,0.92688,0.90495,17.643,13.628,0.69932,0.64465,35.777,29.807,0.82252,0.79025,27.487,21.531,4.0,,"ok, use logfit",294.0,fir_afr_1.1Ado_d208_m16,,,
588,,,,,,,,,,,,,,,,,,,,,,,,,,,,,,,,,,,,,,,
589,fir_asi_1.1Ado_d208_m16,firm esg reporting,Asia,1.1,Adoption over time,Voluntary adoption of GRI reporting,# of companies,m13,17.0,17.0,0.31003,0.22678,88.777,2016.0,14.174,3119.2,6.22e-07,1920.4,-178000.0,0.98924,0.98676,49.341,33.306,0.98343,0.98106,61.239,49.608,0.83573,0.81227,192.82,165.17,1.0,,,295.0,fir_asi_1.1Ado_d208_m16,,,
590,,,,,,,,,,,,,,,,,,,,,,,,,,,,,,,,,,,,,,,
591,fir_eur_1.1Ado_d208_m16,firm esg reporting,Europe,1.1,Adoption over time,Voluntary adoption of GRI reporting,# of companies,m13,18.0,18.0,0.39011,0.14434,96.989,2009.4,11.265,1559.2,0.00033469,1909.0,-194000.0,0.99302,0.99152,43.072,31.086,0.92397,0.91383,142.13,124.28,0.953,0.94673,111.75,95.481,1.0,,,296.0,fir_eur_1.1Ado_d208_m16,,,
592,,,,,,,,,,,,,,,,,,,,,,,,,,,,,,,,,,,,,,,
593,fir_glo_1.1Ado_d10_m62,firm esg reporting,global,1.1,Adoption over time,% of S&P 500 companies with sustainability reporting (all standards),% of companies,m13,8.0,8.0,1.4836,0.099929,0.078333,2011.7,2.962,0.82645,6.1069,2036.5,-157.11,0.98518,0.97407,0.025678,0.021026,0.63994,0.49592,0.12657,0.096799,0.72402,0.61363,0.11081,0.090833,1.0,,,297.0,fir_glo_1.1Ado_d10_m62,,,
594,,,,,,,,,,,,,,,,,,,,,,,,,,,,,,,,,,,,,,,
595,fir_glo_1.1Ado_d177_m16,firm esg reporting,global,1.1,Adoption over time,S&P 500 companies with sustainability reporting (all standards),# of companies,m13,8.0,8.0,0.037508,0.037475,14.167,2205.3,117.16,491000.0,0.66472,1844.9,-28155.0,0.42832,-0.00043287,37.793,22.688,0.42833,0.19966,37.793,22.688,0.42172,0.19041,38.01,22.708,1.0,,,298.0,fir_glo_1.1Ado_d177_m16,,,
596,,,,,,,,,,,,,,,,,,,,,,,,,,,,,,,,,,,,,,,
597,fir_glo_1.1Ado_d190_m62,firm esg reporting,global,1.1,Adoption over time,"Sustainability reporting by world's 250 largest companies by revenue (all standards, GRI, SASB, etc.)",% of companies,m13,10.0,10.0,0.26388,0.0034447,0.026831,2001.9,16.653,0.9715,1554.8,158000.0,-53.17,0.97945,0.96918,0.031167,0.026025,-13.268,-17.345,0.8213,0.792,0.80341,0.74724,0.096406,0.083465,1.0,,,299.0,fir_glo_1.1Ado_d190_m62,,,
598,,,,,,,,,,,,,,,,,,,,,,,,,,,,,,,,,,,,,,,
599,fir_glo_1.1Ado_d208_m16,firm esg reporting,global,1.1,Adoption over time,Voluntary adoption of GRI reporting,# of companies,m13,18.0,18.0,0.41225,0.17582,281.79,2010.9,10.66,4910.3,6.87e-06,1899.9,-564000.0,0.99478,0.99366,110.77,64.357,0.94854,0.94168,347.69,306.86,0.90984,0.89782,460.21,397.87,1.0,,,300.0,fir_glo_1.1Ado_d208_m16,,,
600,,,,,,,,,,,,,,,,,,,,,,,,,,,,,,,,,,,,,,,
601,fir_glo_4.2Kme_d103_m96,firm esg reporting,global,4.2,Knowledge flows,"Frequency of the word ""GRI"" in a corpus (books, internet)",Frequency index to max=1,m13,26.0,26.0,-0.3441,-0.002909,-0.041241,2004.3,-12.771,1.1094,-1543.8,-153000.0,83.241,0.97137,0.96746,0.058392,0.048674,-1.129,-1.3141,0.5035,0.36666,0.80343,0.78634,0.15299,0.13686,1.0,,,301.0,fir_glo_4.2Kme_d103_m96,,,
602,,,,,,,,,,,,,,,,,,,,,,,,,,,,,,,,,,,,,,,
603,fir_lam_1.1Ado_d208_m16,firm esg reporting,LatinAmericaCarib,1.1,Adoption over time,Voluntary adoption of GRI reporting,# of companies,m13,15.0,15.0,0.5071,0.19578,57.404,2011.1,8.6658,758.76,0.00012778,1936.0,-115000.0,0.97079,0.96282,44.328,33.603,0.90923,0.8941,78.14,71.529,0.91445,0.90019,75.857,60.382,1.0,,,302.0,fir_lam_1.1Ado_d208_m16,,,
604,,,,,,,,,,,,,,,,,,,,,,,,,,,,,,,,,,,,,,,
605,fir_nor_1.1Ado_d208_m16,firm esg reporting,North America,1.1,Adoption over time,Voluntary adoption of GRI reporting,# of companies,m13,17.0,17.0,0.32091,0.32089,56.752,2053.4,13.694,197000000.0,1.83e-06,1952.7,-114000.0,0.81114,0.76756,155.24,96.139,0.81114,0.78416,155.24,96.139,0.60579,0.54947,224.28,144.51,2.0,1 high pt,,303.0,fir_nor_1.1Ado_d208_m16,,,
606,,,,,,,,,,,,,,,,,,,,,,,,,,,,,,,,,,,,,,,
607,fir_oce_1.1Ado_d208_m16,firm esg reporting,Oceania,1.1,Adoption over time,Voluntary adoption of GRI reporting,# of companies,m13,13.0,13.0,0.98284,0.14987,15.769,2009.6,4.4712,159.32,0.013574,1952.3,-31609.0,0.94495,0.9266,15.013,11.487,0.73485,0.68182,32.947,28.093,0.85037,0.82044,24.75,19.621,3.0,,"ok, use",304.0,fir_oce_1.1Ado_d208_m16,,,
608,,,,,,,,,,,,,,,,,,,,,,,,,,,,,,,,,,,,,,,
610,,,,,,,,,,,,,,,,,,,,,,,,,,,,,,,,,,,,,,,
611,foo_usa_1.1Ado_d101_m134,food waste reduction,USA,1.1,Adoption over time,Food waste generated in the US,kg per capita,m3,11.0,11.0,-0.0025989,-0.0025644,-0.39307,381.31,-1690.9,11487.0,275.51,1808.5,954.21,0.0045503,-0.42207,21.891,16.432,0.0045539,-0.24431,21.891,16.433,0.0043233,-0.2446,21.894,16.421,3.0,,"ok, use lin fit",306.0,foo_usa_1.1Ado_d101_m134,,,
612,,,,,,,,,,,,,,,,,,,,,,,,,,,,,,,,,,,,,,,
614,,,,,,,,,,,,,,,,,,,,,,,,,,,,,,,,,,,,,,,
616,,,,,,,,,,,,,,,,,,,,,,,,,,,,,,,,,,,,,,,
618,,,,,,,,,,,,,,,,,,,,,,,,,,,,,,,,,,,,,,,
620,,,,,,,,,,,,,,,,,,,,,,,,,,,,,,,,,,,,,,,
622,,,,,,,,,,,,,,,,,,,,,,,,,,,,,,,,,,,,,,,
624,,,,,,,,,,,,,,,,,,,,,,,,,,,,,,,,,,,,,,,
626,,,,,,,,,,,,,,,,,,,,,,,,,,,,,,,,,,,,,,,
628,,,,,,,,,,,,,,,,,,,,,,,,,,,,,,,,,,,,,,,
630,,,,,,,,,,,,,,,,,,,,,,,,,,,,,,,,,,,,,,,
632,,,,,,,,,,,,,,,,,,,,,,,,,,,,,,,,,,,,,,,
634,,,,,,,,,,,,,,,,,,,,,,,,,,,,,,,,,,,,,,,
636,,,,,,,,,,,,,,,,,,,,,,,,,,,,,,,,,,,,,,,
638,,,,,,,,,,,,,,,,,,,,,,,,,,,,,,,,,,,,,,,
640,,,,,,,,,,,,,,,,,,,,,,,,,,,,,,,,,,,,,,,
642,,,,,,,,,,,,,,,,,,,,,,,,,,,,,,,,,,,,,,,
644,,,,,,,,,,,,,,,,,,,,,,,,,,,,,,,,,,,,,,,
646,,,,,,,,,,,,,,,,,,,,,,,,,,,,,,,,,,,,,,,
648,,,,,,,,,,,,,,,,,,,,,,,,,,,,,,,,,,,,,,,
650,,,,,,,,,,,,,,,,,,,,,,,,,,,,,,,,,,,,,,,
652,,,,,,,,,,,,,,,,,,,,,,,,,,,,,,,,,,,,,,,
654,,,,,,,,,,,,,,,,,,,,,,,,,,,,,,,,,,,,,,,
656,,,,,,,,,,,,,,,,,,,,,,,,,,,,,,,,,,,,,,,
658,,,,,,,,,,,,,,,,,,,,,,,,,,,,,,,,,,,,,,,
660,,,,,,,,,,,,,,,,,,,,,,,,,,,,,,,,,,,,,,,
662,,,,,,,,,,,,,,,,,,,,,,,,,,,,,,,,,,,,,,,
664,,,,,,,,,,,,,,,,,,,,,,,,,,,,,,,,,,,,,,,
666,,,,,,,,,,,,,,,,,,,,,,,,,,,,,,,,,,,,,,,
668,,,,,,,,,,,,,,,,,,,,,,,,,,,,,,,,,,,,,,,
669,non_uki_1.1Ado_d224_m32,non-cash transactions,United Kingdom,1.1,Adoption over time,proportion of cash payment methods to all payment methods (point of sale),% cash payments as total number of PoS payments,s9,6.0,6.0,-0.48592,-0.15569,-2.7,2020.9,-9.0435,27.773,31.728,2015.4,5470.4,0.67932,0.19829,3.7385,3.1259,0.61894,0.36489,4.0753,3.0505,0.65048,0.41746,3.903,3.2,2.0,,,335.0,non_uki_1.1Ado_d224_m32,,,
670,,,,,,,,,,,,,,,,,,,,,,,,,,,,,,,,,,,,,,,
671,non_uki_1.1Ado_d225_m33,non-cash transactions,United Kingdom,1.1,Adoption over time,proportion of cash payments to all payment types (in store PoS),% cash payments as total number of in-store PoS payments,s9,22.0,22.0,-0.12968,-0.056555,-1.7994,2010.8,-33.887,60.499,51.031,2000.5,3648.4,0.99267,0.99145,0.97935,0.82165,0.96514,0.96148,2.136,1.6616,0.99556,0.99509,0.76239,0.66159,1.0,,,336.0,non_uki_1.1Ado_d225_m33,,,
672,,,,,,,,,,,,,,,,,,,,,,,,,,,,,,,,,,,,,,,
673,non_uki_1.1Ado_d226_m34,non-cash transactions,United Kingdom,1.1,Adoption over time,proportion of cash payments to all payment types (total numbers),% cash payments of total number of payments,s9,15.0,15.0,-0.31988,-0.093685,-3.6731,2017.7,-13.738,60.898,65.763,2008.8,7441.0,0.99245,0.99039,1.4025,1.1462,0.89962,0.88289,5.1134,4.5971,0.96684,0.96131,2.9391,2.5887,1.0,,,337.0,non_uki_1.1Ado_d226_m34,,,
674,,,,,,,,,,,,,,,,,,,,,,,,,,,,,,,,,,,,,,,
675,non_uki_2.5Var_d216_m75,non-cash transactions,United Kingdom,2.5,Variety,most used e-commerce payment methods,% online shopping payments by credit or debit card,s9,7.0,7.0,-0.80554,-0.0093825,-0.47464,2025.7,-5.4553,50.476,81.155,1966.2,1007.8,0.61444,0.22889,1.3453,1.1348,0.26329,-0.10507,1.8596,1.7138,0.27034,-0.094494,1.8507,1.7081,1.0,,,338.0,non_uki_2.5Var_d216_m75,,,
676,,,,,,,,,,,,,,,,,,,,,,,,,,,,,,,,,,,,,,,
677,non_uki_2.5Var_d216_m76,non-cash transactions,United Kingdom,2.5,Variety,most used e-commerce payment methods,% online shopping payments by e-wallet,s9,7.0,7.0,0.067578,0.06757,2.0072,2154.1,65.028,266000.0,5.0827,1993.3,-4023.5,0.94472,0.88943,1.1577,0.93824,0.94472,0.91708,1.1577,0.93824,0.93604,0.90406,1.2453,1.0207,1.0,,,339.0,non_uki_2.5Var_d216_m76,,,
678,,,,,,,,,,,,,,,,,,,,,,,,,,,,,,,,,,,,,,,
679,non_uki_2.9Int_d48_m149,non-cash transactions,United Kingdom,2.9,Interdependence (with hardware),Annual credit card and debit cards issued,total number of credit cards and debit cards in circulation,s9,23.0,23.0,0.31696,0.0125,1880000.0,1997.9,13.864,155000000.0,5.4341,643.48,-3640000000.0,0.9495,0.94153,3340000.0,2830000.0,0.67878,0.64665,8420000.0,6570000.0,0.70622,0.67684,8050000.0,6320000.0,1.0,,,340.0,non_uki_2.9Int_d48_m149,,,
680,,,,,,,,,,,,,,,,,,,,,,,,,,,,,,,,,,,,,,,
681,non_uki_4.5Inf_d141_m115,non-cash transactions,United Kingdom,4.5,Physical Infrastructure Dependence,Number of point of sale (PoS) terminals,Total number of POS terminals,s9,11.0,11.0,0.38911,0.045006,109000.0,2011.6,11.293,2680000.0,0.051052,1626.2,-218000000.0,0.78363,0.69091,200000.0,156000.0,0.59382,0.49228,274000.0,221000.0,0.64165,0.55206,258000.0,199000.0,2.0,,,341.0,non_uki_4.5Inf_d141_m115,,,
682,,,,,,,,,,,,,,,,,,,,,,,,,,,,,,,,,,,,,,,
683,non_usa_1.1Ado_d186_m31,non-cash transactions,United States,1.1,Adoption over time,Share of payment instrument use for all payments,% cash payments as % of all payments,s9,8.0,8.0,-0.13854,-0.10211,-2.3473,2011.5,-31.719,91.405,40.789,2013.7,4763.5,0.93706,0.88985,1.3997,1.0635,0.93577,0.91008,1.414,1.0382,0.92925,0.90095,1.484,1.1051,1.0,,,342.0,non_usa_1.1Ado_d186_m31,,,
684,,,,,,,,,,,,,,,,,,,,,,,,,,,,,,,,,,,,,,,
685,non_usa_3.2Adc_d184_m77,non-cash transactions,United States,3.2,Adopter characteristics,Share of cash and credit card payments by age group,% payments by cash (18-24 age group),s9,8.0,8.0,-0.53514,-0.1317,-3.5332,2021.1,-8.2118,37.393,44.764,2014.7,7160.1,0.8691,0.77092,3.2397,2.8477,0.75869,0.66216,4.3986,3.7435,0.81741,0.74438,3.8262,3.267,1.0,,,343.0,non_usa_3.2Adc_d184_m77,,,
686,,,,,,,,,,,,,,,,,,,,,,,,,,,,,,,,,,,,,,,
687,non_usa_3.2Adc_d184_m78,non-cash transactions,United States,3.2,Adopter characteristics,Share of cash and credit card payments by age group,% payments by cash (25-54 age group),s9,8.0,8.0,-0.1386,-0.1386,-2.6339,1943.0,-31.706,754000.0,34.065,2015.2,5338.8,0.95517,0.92154,1.329,1.0921,0.95517,0.93723,1.329,1.0921,0.92453,0.89434,1.7243,1.3716,1.0,,,344.0,non_usa_3.2Adc_d184_m78,,,
688,,,,,,,,,,,,,,,,,,,,,,,,,,,,,,,,,,,,,,,
689,non_usa_3.2Adc_d184_m79,non-cash transactions,United States,3.2,Adopter characteristics,Share of cash and credit card payments by age group,% payments by cash (55 and older age group),s9,8.0,8.0,-0.19102,-0.066558,-1.9052,2022.5,-23.005,44.514,48.785,2011.1,3875.8,0.86744,0.76803,1.7121,1.3619,0.85127,0.79178,1.8135,1.4205,0.86182,0.80655,1.748,1.4009,1.0,,,345.0,non_usa_3.2Adc_d184_m79,,,
690,,,,,,,,,,,,,,,,,,,,,,,,,,,,,,,,,,,,,,,
691,non_usa_3.2Adc_d185_m80,non-cash transactions,United States,3.2,Adopter characteristics,Share of cash and credit card payments by income bracket,"% payments by cash (income $100,000 Äì $149,999)",s9,8.0,8.0,-0.15379,-0.15378,-1.2896,1949.9,-28.575,379000.0,15.957,2015.4,2613.4,0.80614,0.66074,1.5036,1.1405,0.80614,0.72859,1.5036,1.1406,0.74862,0.64807,1.7122,1.3704,1.0,,,346.0,non_usa_3.2Adc_d185_m80,,,
692,,,,,,,,,,,,,,,,,,,,,,,,,,,,,,,,,,,,,,,
693,non_usa_3.2Adc_d185_m81,non-cash transactions,United States,3.2,Adopter characteristics,Share of cash and credit card payments by income bracket,"% payments by cash (income $25,000 Äì $49,999)",s9,8.0,8.0,-0.098356,-0.098352,-0.99516,1915.8,-44.679,278000.0,14.544,2016.1,2020.4,0.76807,0.59412,1.2864,1.0657,0.76807,0.6753,1.2864,1.0657,0.72865,0.62011,1.3915,1.2058,1.0,,,347.0,non_usa_3.2Adc_d185_m81,,,
694,,,,,,,,,,,,,,,,,,,,,,,,,,,,,,,,,,,,,,,
695,non_usa_3.2Adc_d185_m82,non-cash transactions,United States,3.2,Adopter characteristics,Share of cash and credit card payments by income bracket,"% payments by cash (income $50,000 Äì $74,999)",s9,8.0,8.0,-0.11113,-0.11008,-0.99508,1977.0,-39.544,1015.7,14.788,2014.9,2018.8,0.82128,0.68723,1.0754,0.89179,0.82128,0.74979,1.0754,0.89184,0.80335,0.72469,1.1281,0.96973,1.0,,,348.0,non_usa_3.2Adc_d185_m82,,,
696,,,,,,,,,,,,,,,,,,,,,,,,,,,,,,,,,,,,,,,
697,non_usa_3.2Adc_d185_m83,non-cash transactions,United States,3.2,Adopter characteristics,Share of cash and credit card payments by income bracket,"% payments by cash (income $75,000 Äì $99,999)",s9,8.0,8.0,-0.14726,-0.14726,-1.1879,1944.8,-29.842,504000.0,15.392,2015.4,2408.0,0.79193,0.63588,1.4663,1.1956,0.79193,0.7087,1.4663,1.1956,0.71697,0.60376,1.7102,1.4085,1.0,,,349.0,non_usa_3.2Adc_d185_m83,,,
698,,,,,,,,,,,,,,,,,,,,,,,,,,,,,,,,,,,,,,,
699,non_usa_3.2Adc_d185_m84,non-cash transactions,United States,3.2,Adopter characteristics,Share of cash and credit card payments by income bracket,"% payments by cash (income greater than $150,000)",s9,8.0,8.0,-0.18077,-0.18077,-1.4767,1954.8,-24.31,990000.0,11.54,2017.6,2991.2,0.93022,0.87789,0.97039,0.80966,0.93022,0.90231,0.97039,0.80966,0.84833,0.78766,1.4307,1.2162,1.0,,,350.0,non_usa_3.2Adc_d185_m84,,,
700,,,,,,,,,,,,,,,,,,,,,,,,,,,,,,,,,,,,,,,
701,non_usa_3.2Adc_d185_m85,non-cash transactions,United States,3.2,Adopter characteristics,Share of cash and credit card payments by income bracket,"% payments by cash (income less than $25,000)",s9,8.0,8.0,-0.080577,-0.080575,-0.70349,1881.3,-54.538,642000.0,11.891,2016.6,1430.3,0.74829,0.5595,0.97818,0.80449,0.74829,0.6476,0.97818,0.80449,0.6835,0.5569,1.0969,0.91867,1.0,,,351.0,non_usa_3.2Adc_d185_m85,,,
702,,,,,,,,,,,,,,,,,,,,,,,,,,,,,,,,,,,,,,,
703,org_aus_1.1Ado_d155_m151,organic food consumption,Austria,1.1,Adoption over time,Organic per capita consumption [Ç¨/person],Ç¨/person,b2,23.0,23.0,0.1287,0.087699,11.328,2020.5,34.145,503.74,0.063093,1925.8,-22651.0,0.98645,0.98431,8.8864,7.7509,0.97869,0.97656,11.145,9.8434,0.96857,0.96543,13.535,10.624,1.0,,,352.0,org_aus_1.1Ado_d155_m151,,,
704,,,,,,,,,,,,,,,,,,,,,,,,,,,,,,,,,,,,,,,
706,,,,,,,,,,,,,,,,,,,,,,,,,,,,,,,,,,,,,,,
708,,,,,,,,,,,,,,,,,,,,,,,,,,,,,,,,,,,,,,,
709,org_aus_2.2Rel_d102_m148,organic food consumption,Austria,2.2,Relative Advantage (Profitability),Free range EGGS price,sales price (Ç¨/100 pieces),b2,17.0,17.0,0.026066,0.026065,0.38252,2401.7,168.59,364000.0,5.6205,1976.6,-755.37,0.70079,0.63174,1.254,1.0469,0.70079,0.65804,1.254,1.0469,0.66818,0.62078,1.3206,1.0531,2.0,,,355.0,org_aus_2.2Rel_d102_m148,,,
710,,,,,,,,,,,,,,,,,,,,,,,,,,,,,,,,,,,,,,,
711,org_aus_2.2Rel_d150_m148,organic food consumption,Austria,2.2,Relative Advantage (Profitability),Organic EGGS price,sales price (Ç¨/100 pieces),b2,16.0,16.0,0.039026,0.039026,0.82724,2301.0,112.6,1560000.0,2.9553,1963.3,-1644.2,0.79243,0.74054,2.0336,1.7064,0.79243,0.7605,2.0336,1.7064,0.72985,0.68829,2.32,1.9297,2.0,,,356.0,org_aus_2.2Rel_d150_m148,,,
712,,,,,,,,,,,,,,,,,,,,,,,,,,,,,,,,,,,,,,,
713,org_aus_2.2Rel_d151_m147,organic food consumption,Austria,2.2,Relative Advantage (Profitability),Organic MILK price,price (Ç¨c/kg),b2,30.0,30.0,0.020901,0.0209,0.82144,2475.3,210.25,666000.0,4.1409,1901.7,-1610.7,0.84929,0.83191,3.0208,2.4916,0.8493,0.83813,3.0208,2.4916,0.83484,0.82261,3.1623,2.5815,2.0,,,357.0,org_aus_2.2Rel_d151_m147,,,
714,,,,,,,,,,,,,,,,,,,,,,,,,,,,,,,,,,,,,,,
715,org_aus_2.2Rel_d46_m147,organic food consumption,Austria,2.2,Relative Advantage (Profitability),All qualities MILK price,price (Ç¨c/kg),b2,30.0,30.0,0.018599,0.018598,0.61495,2542.3,236.28,687000.0,5.1168,1907.4,-1201.1,0.71103,0.67769,3.471,2.8001,0.71103,0.68963,3.471,2.8001,0.67952,0.65579,3.6553,2.9007,2.0,,,358.0,org_aus_2.2Rel_d46_m147,,,
716,,,,,,,,,,,,,,,,,,,,,,,,,,,,,,,,,,,,,,,
717,org_aus_2.2Rel_d68_m148,organic food consumption,Austria,2.2,Relative Advantage (Profitability),Conventional EGGS price,sales price (Ç¨/100 pieces),b2,26.0,26.0,0.029166,0.029165,0.30308,2371.2,150.67,388000.0,8.2897,2002.4,-598.59,0.85113,0.83083,0.96597,0.73057,0.85113,0.83818,0.96596,0.73058,0.82439,0.80912,1.0491,0.75998,2.0,,,359.0,org_aus_2.2Rel_d68_m148,,,
718,,,,,,,,,,,,,,,,,,,,,,,,,,,,,,,,,,,,,,,
719,org_aus_2.2Rel_d69_m147,organic food consumption,Austria,2.2,Relative Advantage (Profitability),Conventional MILK price,price (Ç¨c/kg),b2,30.0,30.0,0.016061,0.01606,0.51388,2619.2,273.61,594000.0,5.7528,1900.4,-999.13,0.60623,0.56079,3.6663,2.9236,0.60623,0.57706,3.6663,2.9236,0.57955,0.5484,3.7885,2.9783,2.0,,,360.0,org_aus_2.2Rel_d69_m147,,,
720,,,,,,,,,,,,,,,,,,,,,,,,,,,,,,,,,,,,,,,
722,,,,,,,,,,,,,,,,,,,,,,,,,,,,,,,,,,,,,,,
724,,,,,,,,,,,,,,,,,,,,,,,,,,,,,,,,,,,,,,,
726,,,,,,,,,,,,,,,,,,,,,,,,,,,,,,,,,,,,,,,
728,,,,,,,,,,,,,,,,,,,,,,,,,,,,,,,,,,,,,,,
730,,,,,,,,,,,,,,,,,,,,,,,,,,,,,,,,,,,,,,,
731,org_can_1.1Ado_d155_m151,organic food consumption,Canada,1.1,Adoption over time,Organic per capita consumption [Ç¨/person],Ç¨/person,b2,15.0,15.0,0.087828,0.087827,6.7076,2149.7,50.035,10300000.0,0.070498,1935.6,-13435.0,0.9389,0.92223,7.575,6.4423,0.9389,0.92871,7.575,6.4423,0.89435,0.87674,9.9608,7.8839,1.0,,,366.0,org_can_1.1Ado_d155_m151,,,
732,,,,,,,,,,,,,,,,,,,,,,,,,,,,,,,,,,,,,,,
734,,,,,,,,,,,,,,,,,,,,,,,,,,,,,,,,,,,,,,,
736,,,,,,,,,,,,,,,,,,,,,,,,,,,,,,,,,,,,,,,
738,,,,,,,,,,,,,,,,,,,,,,,,,,,,,,,,,,,,,,,
740,,,,,,,,,,,,,,,,,,,,,,,,,,,,,,,,,,,,,,,
742,,,,,,,,,,,,,,,,,,,,,,,,,,,,,,,,,,,,,,,
744,,,,,,,,,,,,,,,,,,,,,,,,,,,,,,,,,,,,,,,
745,org_den_1.1Ado_d155_m151,organic food consumption,Denmark,1.1,Adoption over time,Organic per capita consumption [Ç¨/person],Ç¨/person,b2,23.0,23.0,0.12476,0.094851,16.074,2024.6,35.224,963.47,0.028679,1920.9,-32147.0,0.96738,0.96223,20.178,16.297,0.96305,0.95935,21.477,17.864,0.91072,0.9018,33.384,26.28,1.0,,,373.0,org_den_1.1Ado_d155_m151,,,
746,,,,,,,,,,,,,,,,,,,,,,,,,,,,,,,,,,,,,,,
748,,,,,,,,,,,,,,,,,,,,,,,,,,,,,,,,,,,,,,,
750,,,,,,,,,,,,,,,,,,,,,,,,,,,,,,,,,,,,,,,
752,,,,,,,,,,,,,,,,,,,,,,,,,,,,,,,,,,,,,,,
754,,,,,,,,,,,,,,,,,,,,,,,,,,,,,,,,,,,,,,,
756,,,,,,,,,,,,,,,,,,,,,,,,,,,,,,,,,,,,,,,
758,,,,,,,,,,,,,,,,,,,,,,,,,,,,,,,,,,,,,,,
760,,,,,,,,,,,,,,,,,,,,,,,,,,,,,,,,,,,,,,,
762,,,,,,,,,,,,,,,,,,,,,,,,,,,,,,,,,,,,,,,
764,,,,,,,,,,,,,,,,,,,,,,,,,,,,,,,,,,,,,,,
766,,,,,,,,,,,,,,,,,,,,,,,,,,,,,,,,,,,,,,,
768,,,,,,,,,,,,,,,,,,,,,,,,,,,,,,,,,,,,,,,
770,,,,,,,,,,,,,,,,,,,,,,,,,,,,,,,,,,,,,,,
772,,,,,,,,,,,,,,,,,,,,,,,,,,,,,,,,,,,,,,,
773,org_jap_1.1Ado_d155_m151,organic food consumption,Japan,1.1,Adoption over time,Organic per capita consumption [Ç¨/person],Ç¨/person,b2,14.0,14.0,0.11909,0.04534,0.45738,2012.1,36.9,16.703,8.947,2013.5,-911.91,0.36215,0.17079,2.4583,1.4302,0.35449,0.23712,2.473,1.3466,0.35882,0.24224,2.4647,1.3999,2.0,,,387.0,org_jap_1.1Ado_d155_m151,,,
774,,,,,,,,,,,,,,,,,,,,,,,,,,,,,,,,,,,,,,,
776,,,,,,,,,,,,,,,,,,,,,,,,,,,,,,,,,,,,,,,
778,,,,,,,,,,,,,,,,,,,,,,,,,,,,,,,,,,,,,,,
780,,,,,,,,,,,,,,,,,,,,,,,,,,,,,,,,,,,,,,,
782,,,,,,,,,,,,,,,,,,,,,,,,,,,,,,,,,,,,,,,
784,,,,,,,,,,,,,,,,,,,,,,,,,,,,,,,,,,,,,,,
786,,,,,,,,,,,,,,,,,,,,,,,,,,,,,,,,,,,,,,,
788,,,,,,,,,,,,,,,,,,,,,,,,,,,,,,,,,,,,,,,
789,org_swi_1.1Ado_d155_m151,organic food consumption,Switzerland,1.1,Adoption over time,Organic per capita consumption [Ç¨/person],Ç¨/person,b2,23.0,23.0,0.086049,0.086046,16.496,2133.8,51.069,6870000.0,0.041018,1913.8,-32966.0,0.98626,0.98409,13.416,10.758,0.98626,0.98489,13.416,10.757,0.91397,0.90537,33.57,29.478,1.0,,,395.0,org_swi_1.1Ado_d155_m151,,,
790,,,,,,,,,,,,,,,,,,,,,,,,,,,,,,,,,,,,,,,
792,,,,,,,,,,,,,,,,,,,,,,,,,,,,,,,,,,,,,,,
794,,,,,,,,,,,,,,,,,,,,,,,,,,,,,,,,,,,,,,,
796,,,,,,,,,,,,,,,,,,,,,,,,,,,,,,,,,,,,,,,
798,,,,,,,,,,,,,,,,,,,,,,,,,,,,,,,,,,,,,,,
800,,,,,,,,,,,,,,,,,,,,,,,,,,,,,,,,,,,,,,,
802,,,,,,,,,,,,,,,,,,,,,,,,,,,,,,,,,,,,,,,
804,,,,,,,,,,,,,,,,,,,,,,,,,,,,,,,,,,,,,,,
805,org_uki_1.1Ado_d155_m151,organic food consumption,UK,1.1,Adoption over time,Organic per capita consumption [Ç¨/person],Ç¨/person,b2,23.0,23.0,0.028414,0.028404,0.99396,2294.0,154.66,107000.0,3.0965,1926.2,-1963.8,0.58117,0.51504,5.5932,4.6247,0.58117,0.53929,5.5932,4.6248,0.58199,0.54019,5.5877,4.6697,2.0,,,403.0,org_uki_1.1Ado_d155_m151,,,
806,,,,,,,,,,,,,,,,,,,,,,,,,,,,,,,,,,,,,,,
808,,,,,,,,,,,,,,,,,,,,,,,,,,,,,,,,,,,,,,,
810,,,,,,,,,,,,,,,,,,,,,,,,,,,,,,,,,,,,,,,
812,,,,,,,,,,,,,,,,,,,,,,,,,,,,,,,,,,,,,,,
814,,,,,,,,,,,,,,,,,,,,,,,,,,,,,,,,,,,,,,,
816,,,,,,,,,,,,,,,,,,,,,,,,,,,,,,,,,,,,,,,
818,,,,,,,,,,,,,,,,,,,,,,,,,,,,,,,,,,,,,,,
820,,,,,,,,,,,,,,,,,,,,,,,,,,,,,,,,,,,,,,,
822,,,,,,,,,,,,,,,,,,,,,,,,,,,,,,,,,,,,,,,
824,,,,,,,,,,,,,,,,,,,,,,,,,,,,,,,,,,,,,,,
826,,,,,,,,,,,,,,,,,,,,,,,,,,,,,,,,,,,,,,,
828,,,,,,,,,,,,,,,,,,,,,,,,,,,,,,,,,,,,,,,
830,,,,,,,,,,,,,,,,,,,,,,,,,,,,,,,,,,,,,,,
832,,,,,,,,,,,,,,,,,,,,,,,,,,,,,,,,,,,,,,,
834,,,,,,,,,,,,,,,,,,,,,,,,,,,,,,,,,,,,,,,
836,,,,,,,,,,,,,,,,,,,,,,,,,,,,,,,,,,,,,,,
838,,,,,,,,,,,,,,,,,,,,,,,,,,,,,,,,,,,,,,,
840,,,,,,,,,,,,,,,,,,,,,,,,,,,,,,,,,,,,,,,
842,,,,,,,,,,,,,,,,,,,,,,,,,,,,,,,,,,,,,,,
844,,,,,,,,,,,,,,,,,,,,,,,,,,,,,,,,,,,,,,,
846,,,,,,,,,,,,,,,,,,,,,,,,,,,,,,,,,,,,,,,
848,,,,,,,,,,,,,,,,,,,,,,,,,,,,,,,,,,,,,,,
850,,,,,,,,,,,,,,,,,,,,,,,,,,,,,,,,,,,,,,,
852,,,,,,,,,,,,,,,,,,,,,,,,,,,,,,,,,,,,,,,
854,,,,,,,,,,,,,,,,,,,,,,,,,,,,,,,,,,,,,,,
856,,,,,,,,,,,,,,,,,,,,,,,,,,,,,,,,,,,,,,,
857,pos_uki_2.2Rel_d126_m150,postage stamps,UK,2.2,Relative Advantage [Profitability]:,Net Revenue,¬£,s8,70.0,70.0,0.035952,0.024812,55582.0,1909.4,122.23,8940000.0,7.746,1373.6,-102000000.0,0.92416,0.92071,359000.0,280000.0,0.91862,0.91619,371000.0,298000.0,0.8926,0.88939,427000.0,314000.0,1.0,,,429.0,pos_uki_2.2Rel_d126_m150,,,
858,,,,,,,,,,,,,,,,,,,,,,,,,,,,,,,,,,,,,,,
860,,,,,,,,,,,,,,,,,,,,,,,,,,,,,,,,,,,,,,,
862,,,,,,,,,,,,,,,,,,,,,,,,,,,,,,,,,,,,,,,
864,,,,,,,,,,,,,,,,,,,,,,,,,,,,,,,,,,,,,,,
866,,,,,,,,,,,,,,,,,,,,,,,,,,,,,,,,,,,,,,,
868,,,,,,,,,,,,,,,,,,,,,,,,,,,,,,,,,,,,,,,
870,,,,,,,,,,,,,,,,,,,,,,,,,,,,,,,,,,,,,,,
872,,,,,,,,,,,,,,,,,,,,,,,,,,,,,,,,,,,,,,,
874,,,,,,,,,,,,,,,,,,,,,,,,,,,,,,,,,,,,,,,
876,,,,,,,,,,,,,,,,,,,,,,,,,,,,,,,,,,,,,,,
878,,,,,,,,,,,,,,,,,,,,,,,,,,,,,,,,,,,,,,,
880,,,,,,,,,,,,,,,,,,,,,,,,,,,,,,,,,,,,,,,
882,,,,,,,,,,,,,,,,,,,,,,,,,,,,,,,,,,,,,,,
884,,,,,,,,,,,,,,,,,,,,,,,,,,,,,,,,,,,,,,,
886,,,,,,,,,,,,,,,,,,,,,,,,,,,,,,,,,,,,,,,
888,,,,,,,,,,,,,,,,,,,,,,,,,,,,,,,,,,,,,,,
890,,,,,,,,,,,,,,,,,,,,,,,,,,,,,,,,,,,,,,,
892,,,,,,,,,,,,,,,,,,,,,,,,,,,,,,,,,,,,,,,
893,qui_usa_1.1Ado_d182_m58,quitting smoking,USA,1.1,Adoption over Time,Share of adults who smoke,% of adults,s7,7.0,7.0,-0.022543,-0.019559,-0.54297,1926.2,-194.94,211.89,45.353,1985.0,1119.5,0.99799,0.99599,0.17323,0.13603,0.99793,0.9969,0.17586,0.13511,0.99611,0.99417,0.24107,0.22105,1.0,,,447.0,qui_usa_1.1Ado_d182_m58,,,
894,,,,,,,,,,,,,,,,,,,,,,,,,,,,,,,,,,,,,,,
895,qui_usa_2.2Rel_d9_m29,quitting smoking,USA,2.2,Relative Advantage (Profitability),% of GDP required to purchase 2000 cigarettes of the most sold brand,%,s7,6.0,6.0,-0.0035901,0.00052132,-0.004,322.86,-1224.1,494.48,1556.0,157000.0,9.1947,0.21186,-0.97035,0.026468,0.022838,-1428.1,-2380.8,1.1271,1.1267,0.21,-0.31667,0.026499,0.022889,1.0,,,448.0,qui_usa_2.2Rel_d9_m29,,,
896,,,,,,,,,,,,,,,,,,,,,,,,,,,,,,,,,,,,,,,
897,qui_usa_2.9Int_d66_m6,quitting smoking,USA,2.9,Interdependence with Hardware,Cigarette consumption per smoker per day,# cigarettes,s7,33.0,33.0,-0.066187,-0.012183,-0.34255,2018.6,-66.395,34.447,44.62,1955.8,711.24,0.95165,0.94665,0.74663,0.58941,0.9032,0.89675,1.0564,0.82231,0.92271,0.91756,0.94398,0.75285,1.0,,,449.0,qui_usa_2.9Int_d66_m6,,,
898,,,,,,,,,,,,,,,,,,,,,,,,,,,,,,,,,,,,,,,
900,,,,,,,,,,,,,,,,,,,,,,,,,,,,,,,,,,,,,,,
902,,,,,,,,,,,,,,,,,,,,,,,,,,,,,,,,,,,,,,,
904,,,,,,,,,,,,,,,,,,,,,,,,,,,,,,,,,,,,,,,
906,,,,,,,,,,,,,,,,,,,,,,,,,,,,,,,,,,,,,,,
908,,,,,,,,,,,,,,,,,,,,,,,,,,,,,,,,,,,,,,,
910,,,,,,,,,,,,,,,,,,,,,,,,,,,,,,,,,,,,,,,
912,,,,,,,,,,,,,,,,,,,,,,,,,,,,,,,,,,,,,,,
914,,,,,,,,,,,,,,,,,,,,,,,,,,,,,,,,,,,,,,,
916,,,,,,,,,,,,,,,,,,,,,,,,,,,,,,,,,,,,,,,
918,,,,,,,,,,,,,,,,,,,,,,,,,,,,,,,,,,,,,,,
920,,,,,,,,,,,,,,,,,,,,,,,,,,,,,,,,,,,,,,,
922,,,,,,,,,,,,,,,,,,,,,,,,,,,,,,,,,,,,,,,
924,,,,,,,,,,,,,,,,,,,,,,,,,,,,,,,,,,,,,,,
926,,,,,,,,,,,,,,,,,,,,,,,,,,,,,,,,,,,,,,,
928,,,,,,,,,,,,,,,,,,,,,,,,,,,,,,,,,,,,,,,
930,,,,,,,,,,,,,,,,,,,,,,,,,,,,,,,,,,,,,,,
932,,,,,,,,,,,,,,,,,,,,,,,,,,,,,,,,,,,,,,,
934,,,,,,,,,,,,,,,,,,,,,,,,,,,,,,,,,,,,,,,
936,,,,,,,,,,,,,,,,,,,,,,,,,,,,,,,,,,,,,,,
938,,,,,,,,,,,,,,,,,,,,,,,,,,,,,,,,,,,,,,,
940,,,,,,,,,,,,,,,,,,,,,,,,,,,,,,,,,,,,,,,
942,,,,,,,,,,,,,,,,,,,,,,,,,,,,,,,,,,,,,,,
944,,,,,,,,,,,,,,,,,,,,,,,,,,,,,,,,,,,,,,,
946,,,,,,,,,,,,,,,,,,,,,,,,,,,,,,,,,,,,,,,
947,sol_usa_1.1Ado_d39_m29,solar leasing,USA,1.1,Adoption over Time,% third party owned systems ($100k-$150k),%,m11,13.0,13.0,2.8092,0.00029441,-0.0070385,2010.2,1.5643,0.4392,1555.7,157000.0,14.603,0.37869,0.17159,0.098557,0.082369,-10.91,-13.292,0.43151,0.413,0.044363,-0.14676,0.12223,0.092408,4.0,,"reversal, partial fit to pre-peak",474.0,sol_usa_1.1Ado_d39_m29,,,
948,,,,,,,,,,,,,,,,,,,,,,,,,,,,,,,,,,,,,,,
949,sol_usa_1.1Ado_d40_m29,solar leasing,USA,1.1,Adoption over Time,% third party owned systems ($150k-$200k),%,m11,13.0,13.0,4.1109,-0.024759,-0.011418,2010.1,1.069,0.40504,3.8107,1923.4,23.404,0.28277,0.043692,0.099964,0.084647,0.10991,-0.068107,0.11136,0.085242,0.13099,-0.04281,0.11003,0.081547,4.0,,"reversal, partial fit to pre-peak",475.0,sol_usa_1.1Ado_d40_m29,,,
950,,,,,,,,,,,,,,,,,,,,,,,,,,,,,,,,,,,,,,,
951,sol_usa_1.1Ado_d41_m29,solar leasing,USA,1.1,Adoption over Time,% third party owned systems ($200k-$250k),%,m11,13.0,13.0,-0.46394,-0.039712,-0.015802,2021.0,-9.472,0.40451,1.6674,1975.2,32.19,0.4055,0.20733,0.092188,0.066683,0.20542,0.046498,0.10658,0.083814,0.24455,0.093462,0.10392,0.077926,4.0,,"reversal, partial fit to pre-peak",476.0,sol_usa_1.1Ado_d41_m29,,,
952,,,,,,,,,,,,,,,,,,,,,,,,,,,,,,,,,,,,,,,
953,sol_usa_1.1Ado_d42_m29,solar leasing,USA,1.1,Adoption over Time,% third party owned systems ($50k-$100k),%,m11,13.0,13.0,2.2994,0.00097739,0.00028571,2010.4,1.9111,0.46773,1555.5,157000.0,-0.14223,0.51908,0.35877,0.085772,0.066068,-12.3,-14.96,0.45106,0.43377,7.47e-05,-0.19991,0.12368,0.09471,4.0,,"reversal, partial fit to pre-peak",477.0,sol_usa_1.1Ado_d42_m29,,,
954,,,,,,,,,,,,,,,,,,,,,,,,,,,,,,,,,,,,,,,
955,sol_usa_1.1Ado_d43_m29,solar leasing,USA,1.1,Adoption over Time,% third party owned systems (<$50k),%,m11,13.0,13.0,1.8097,0.0019605,0.01083,2010.7,2.4283,0.51536,1555.2,157000.0,-21.367,0.6974,0.59653,0.074466,0.050164,-11.815,-14.378,0.4846,0.46531,0.089601,-0.092479,0.12916,0.10352,4.0,,"reversal, partial fit to pre-peak",478.0,sol_usa_1.1Ado_d43_m29,,,
956,,,,,,,,,,,,,,,,,,,,,,,,,,,,,,,,,,,,,,,
957,sol_usa_1.1Ado_d44_m29,solar leasing,USA,1.1,Adoption over Time,% third party owned systems (>$250k),%,m11,13.0,13.0,-0.42747,-0.044752,-0.017027,2020.8,-10.28,0.4,0.46927,2007.2,34.648,0.40355,0.20474,0.094297,0.067516,0.23062,0.076739,0.1071,0.082754,0.27227,0.12673,0.10416,0.076277,4.0,,"reversal, partial fit to pre-peak",479.0,sol_usa_1.1Ado_d44_m29,,,
958,,,,,,,,,,,,,,,,,,,,,,,,,,,,,,,,,,,,,,,
960,,,,,,,,,,,,,,,,,,,,,,,,,,,,,,,,,,,,,,,
962,,,,,,,,,,,,,,,,,,,,,,,,,,,,,,,,,,,,,,,
963,sus_glo_3.3Leg_d178_m21,sustainable fashion,Global,3.3,Risk & uncertainty (shared expectations),"Scientific publications on sustainability issues in the textile, apparel and fashion (TAF) industry",# publications,m1,18.0,15.0,0.83322,0.18812,1.9587,2016.7,5.2741,29.629,6.9182,2013.5,-3934.0,0.87163,0.84413,4.3421,2.6845,0.74389,0.70974,6.1332,4.5127,0.70309,0.66351,6.6037,5.4046,2.0,,,482.0,sus_glo_3.3Leg_d178_m21,,,
964,,,,,,,,,,,,,,,,,,,,,,,,,,,,,,,,,,,,,,,
966,,,,,,,,,,,,,,,,,,,,,,,,,,,,,,,,,,,,,,,
968,,,,,,,,,,,,,,,,,,,,,,,,,,,,,,,,,,,,,,,
970,,,,,,,,,,,,,,,,,,,,,,,,,,,,,,,,,,,,,,,
972,,,,,,,,,,,,,,,,,,,,,,,,,,,,,,,,,,,,,,,
974,,,,,,,,,,,,,,,,,,,,,,,,,,,,,,,,,,,,,,,
976,,,,,,,,,,,,,,,,,,,,,,,,,,,,,,,,,,,,,,,
977,sus_glo_3.5Mar_d191_m126,sustainable fashion,Global,3.5,Market Formation,Sustainable fashion startups founded each year,cumulative # of start up companies,m1,20.0,19.0,0.30166,0.14997,6.3173,2019.1,14.568,142.7,0.039226,1970.0,-12684.0,0.99466,0.99366,2.7823,2.2769,0.96133,0.95678,7.4871,6.0862,0.91548,0.90554,11.068,9.9,1.0,,,489.0,sus_glo_3.5Mar_d191_m126,,,
978,,,,,,,,,,,,,,,,,,,,,,,,,,,,,,,,,,,,,,,
979,sus_glo_3.5Mar_d191_m17,sustainable fashion,Global,3.5,Market Formation,Sustainable fashion startups founded each year,# of new start up companies,m1,20.0,18.0,0.47161,0.062718,0.45865,2012.8,9.318,9.0805,9.279,2023.5,-918.44,0.44487,0.34078,3.394,2.5653,0.26215,0.17535,3.9128,2.9758,0.33708,0.25909,3.7089,2.7143,4.0,,convert to cum.,490.0,sus_glo_3.5Mar_d191_m17,,,
980,,,,,,,,,,,,,,,,,,,,,,,,,,,,,,,,,,,,,,,
982,,,,,,,,,,,,,,,,,,,,,,,,,,,,,,,,,,,,,,,
984,,,,,,,,,,,,,,,,,,,,,,,,,,,,,,,,,,,,,,,
986,,,,,,,,,,,,,,,,,,,,,,,,,,,,,,,,,,,,,,,
988,,,,,,,,,,,,,,,,,,,,,,,,,,,,,,,,,,,,,,,
990,,,,,,,,,,,,,,,,,,,,,,,,,,,,,,,,,,,,,,,
992,,,,,,,,,,,,,,,,,,,,,,,,,,,,,,,,,,,,,,,
993,sus_glo_4.1Kso_d107_m131,sustainable fashion,Global,4.1,Knowledge Flows (Social Networks),Google Trends (indexed to 100 in month of max. search frequency),index 0-100,m1,20.0,18.0,0.50439,0.17551,4.586,2018.1,8.7124,93.956,0.13307,1985.4,-9205.5,0.94722,0.93732,6.8085,5.5747,0.90492,0.89374,9.1381,6.6771,0.7962,0.77223,13.379,11.846,1.0,,,497.0,sus_glo_4.1Kso_d107_m131,,,
994,,,,,,,,,,,,,,,,,,,,,,,,,,,,,,,,,,,,,,,
996,,,,,,,,,,,,,,,,,,,,,,,,,,,,,,,,,,,,,,,
998,,,,,,,,,,,,,,,,,,,,,,,,,,,,,,,,,,,,,,,
999,sus_jap_3.5Mar_d191_m126,sustainable fashion,Japan,3.5,Market Formation,Sustainable fashion startups founded each year,cumulative # of start up companies,m1,20.0,8.0,0.7029,0.21408,0.17368,2018.8,6.2519,3.0583,1.6878,2020.4,-349.04,0.96994,0.9643,0.19976,0.1283,0.89259,0.87996,0.3776,0.29779,0.75558,0.72682,0.56963,0.48684,2.0,,,500.0,sus_jap_3.5Mar_d191_m126,,,
1000,,,,,,,,,,,,,,,,,,,,,,,,,,,,,,,,,,,,,,,
1001,sus_jap_3.5Mar_d191_m17,sustainable fashion,Japan,3.5,Market Formation,Sustainable fashion startups founded each year,# of new start up companies,m1,19.0,3.0,82.061,0.13631,0.02807,2016.1,0.053551,0.42857,0.92102,2028.2,-56.375,0.32143,0.18571,0.30038,0.18045,0.15312,0.047257,0.33557,0.24092,0.17778,0.075,0.33064,0.24081,4.0,,convert to cum.,501.0,sus_jap_3.5Mar_d191_m17,,,
1002,,,,,,,,,,,,,,,,,,,,,,,,,,,,,,,,,,,,,,,
1003,sus_jap_4.1Kso_d107_m131,sustainable fashion,Japan,4.1,Knowledge Flows (Social Networks),Google Trends (indexed to 100 in month of max. search frequency),index 0-100,m1,20.0,16.0,0.62494,0.17671,4.0464,2017.6,7.0318,73.963,0.24165,1990.0,-8124.1,0.95712,0.94908,5.3744,4.3107,0.88838,0.87524,8.6711,6.3516,0.80824,0.78568,11.365,9.7542,2.0,,,502.0,sus_jap_4.1Kso_d107_m131,,,
1004,,,,,,,,,,,,,,,,,,,,,,,,,,,,,,,,,,,,,,,
1006,,,,,,,,,,,,,,,,,,,,,,,,,,,,,,,,,,,,,,,
1008,,,,,,,,,,,,,,,,,,,,,,,,,,,,,,,,,,,,,,,
1009,sus_uki_3.5Mar_d191_m126,sustainable fashion,UK,3.5,Market Formation,Sustainable fashion startups founded each year,cumulative # of start up companies,m1,19.0,17.0,0.87725,0.092095,0.97368,2018.6,5.0093,17.894,-24.946,4814.3,-1955.9,0.98067,0.9768,0.87296,0.74129,-0.64765,-0.8536,8.059,5.0526,0.72154,0.68673,3.3131,2.9972,2.0,,,505.0,sus_uki_3.5Mar_d191_m126,,,
1010,,,,,,,,,,,,,,,,,,,,,,,,,,,,,,,,,,,,,,,
1011,sus_uki_3.5Mar_d191_m17,sustainable fashion,UK,3.5,Market Formation,Sustainable fashion startups founded each year,# of new start up companies,m1,19.0,7.0,2.5207,0.10486,0.12982,2016.1,1.7434,2.177,6.1673,2033.3,-260.57,0.31085,0.17303,1.4478,0.76579,0.13312,0.024765,1.6238,1.0544,0.16624,0.062022,1.5925,1.0316,4.0,,convert to cum.,506.0,sus_uki_3.5Mar_d191_m17,,,
1012,,,,,,,,,,,,,,,,,,,,,,,,,,,,,,,,,,,,,,,
1013,sus_uki_4.1Kso_d107_m131,sustainable fashion,UK,4.1,Knowledge Flows (Social Networks),Google Trends (indexed to 100 in month of max. search frequency),index 0-100,m1,20.0,17.0,0.45481,0.18041,3.7991,2018.3,9.6622,80.672,0.25231,1991.0,-7626.6,0.95018,0.94084,5.4569,4.4543,0.91421,0.90412,7.1611,5.1425,0.80284,0.77965,10.856,9.3476,1.0,,,507.0,sus_uki_4.1Kso_d107_m131,,,
1014,,,,,,,,,,,,,,,,,,,,,,,,,,,,,,,,,,,,,,,
1016,,,,,,,,,,,,,,,,,,,,,,,,,,,,,,,,,,,,,,,
1018,,,,,,,,,,,,,,,,,,,,,,,,,,,,,,,,,,,,,,,
1019,sus_usa_3.5Mar_d191_m126,sustainable fashion,US,3.5,Market Formation,Sustainable fashion startups founded each year,cumulative # of start up companies,m1,19.0,18.0,0.18568,0.13952,1.293,2024.0,23.666,54.973,8.6376,2015.1,-2594.4,0.98942,0.9873,0.75448,0.60562,0.98434,0.98238,0.91781,0.7705,0.93232,0.92386,1.9081,1.6343,1.0,,,510.0,sus_usa_3.5Mar_d191_m126,,,
1020,,,,,,,,,,,,,,,,,,,,,,,,,,,,,,,,,,,,,,,
1021,sus_usa_3.5Mar_d191_m17,sustainable fashion,US,3.5,Market Formation,Sustainable fashion startups founded each year,# of new start up companies,m1,19.0,13.0,0.11453,0.093659,0.11579,2030.3,38.37,8.7287,6.6865,2032.7,-231.88,0.3703,0.24435,0.85593,0.7334,0.3696,0.2908,0.8564,0.73437,0.34571,0.26393,0.87248,0.74903,4.0,,convert to cum.,511.0,sus_usa_3.5Mar_d191_m17,,,
1022,,,,,,,,,,,,,,,,,,,,,,,,,,,,,,,,,,,,,,,
1023,sus_usa_4.1Kso_d107_m131,sustainable fashion,US,4.1,Knowledge Flows (Social Networks),Google Trends (indexed to 100 in month of max. search frequency),index 0-100,m1,20.0,4.0,13.245,0.073569,0.77293,2021.9,0.33179,29.417,1533.7,160000.0,-1553.1,0.9308,0.91782,2.0669,0.61668,-0.165,-0.30206,8.4807,3.1917,0.32176,0.24197,6.4708,4.7726,4.0,,convert to cum.,512.0,sus_usa_4.1Kso_d107_m131,,,
1024,,,,,,,,,,,,,,,,,,,,,,,,,,,,,,,,,,,,,,,
1025,tel_aus_1.1Ado_d91_m114,telework,Austria,1.1,Adoption over time,Employed persons teleworking as a percentage of the total employment (%),Percentage of total employment,b6,10.0,10.0,0.18112,0.001421,0.0046303,2011.6,24.263,0.15401,1555.3,157000.0,-9.2283,0.23802,-0.14297,0.024385,0.019582,-17.842,-23.226,0.12126,0.118,0.22665,0.0056927,0.024567,0.019104,4.0,covid peak,fit partial to 2019,513.0,tel_aus_1.1Ado_d91_m114,,,
1026,,,,,,,,,,,,,,,,,,,,,,,,,,,,,,,,,,,,,,,
1027,tel_aus_3.2Adc_d118_m38,telework,Austria,3.2,Adopter characteristics,Male employees teleworking as a % of total male employment,% male teleworkers of total male employment,b6,10.0,10.0,0.18998,0.0014512,0.0049455,2012.5,23.131,0.14833,1555.3,158000.0,-9.872,0.25919,-0.11122,0.024584,0.019715,-14.939,-19.494,0.11404,0.1104,0.24732,0.03227,0.02478,0.019236,4.0,covid peak,fit partial to 2019,514.0,tel_aus_3.2Adc_d118_m38,,,
1028,,,,,,,,,,,,,,,,,,,,,,,,,,,,,,,,,,,,,,,
1029,tel_aus_3.2Adc_d98_m36,telework,Austria,3.2,Adopter characteristics,Female employees teleworking as a % of total female employment,% female teleworkers of total female employment,b6,10.0,10.0,0.17852,0.0013885,0.0042909,2010.5,24.615,0.15906,1555.3,157000.0,-8.5348,0.21784,-0.17324,0.024023,0.019215,-21.654,-28.126,0.12929,0.1264,0.20587,-0.021026,0.024206,0.018989,4.0,covid peak,fit partial to 2019,515.0,tel_aus_3.2Adc_d98_m36,,,
1030,,,,,,,,,,,,,,,,,,,,,,,,,,,,,,,,,,,,,,,
1031,tel_eun_1.1Ado_d90_m87,telework,EU,1.1,Adoption over time,Employed persons teleworking as a % of total employment,% teleworkers of total employment,b6,10.0,10.0,0.29089,0.001757,0.0081818,2017.6,15.107,0.13245,1555.1,158000.0,-16.441,0.59311,0.38966,0.019821,0.016733,-5.702,-7.6169,0.080444,0.0742,0.57197,0.44968,0.020329,0.016785,4.0,covid peak,fit partial to 2019,516.0,tel_eun_1.1Ado_d90_m87,,,
1032,,,,,,,,,,,,,,,,,,,,,,,,,,,,,,,,,,,,,,,
1033,tel_eun_3.2Adc_d118_m38,telework,EU,3.2,Adopter characteristics,Male employees teleworking as a % of total male employment,% male teleworkers of total male employment,b6,10.0,10.0,0.29001,0.10526,0.007703,2017.5,15.153,0.12506,2.1322,2051.3,-15.478,0.60118,0.40176,0.018349,0.015483,0.56187,0.43669,0.019232,0.014897,0.57986,0.45983,0.018833,0.015522,4.0,covid peak,fit partial to 2019,517.0,tel_eun_3.2Adc_d118_m38,,,
1034,,,,,,,,,,,,,,,,,,,,,,,,,,,,,,,,,,,,,,,
1035,tel_eun_3.2Adc_d87_m113,telework,EU,3.2,Adopter characteristics,Employed persons (Age: 15-24) teleworking as a percentage of total employees age: 15-24 (%),Percentage of employment within age group,b6,9.0,9.0,0.56218,0.0015011,0.0054,2017.1,7.8169,0.058173,1555.2,158000.0,-10.863,0.615,0.384,0.011579,0.010052,-3.4288,-4.9051,0.039273,0.034556,0.55822,0.41097,0.012404,0.010138,4.0,covid peak,fit partial to 2019,518.0,tel_eun_3.2Adc_d87_m113,,,
1036,,,,,,,,,,,,,,,,,,,,,,,,,,,,,,,,,,,,,,,
1037,tel_eun_3.2Adc_d88_m113,telework,EU,3.2,Adopter characteristics,Employed persons (Age: 25-49) teleworking as a percentage of total employees age: 25-49 (%),Percentage of employment within age group,b6,10.0,10.0,0.32617,,0.0090061,2018.1,13.473,0.13316,,,-18.108,0.63212,0.44817,0.020157,0.016905,,,,,0.60589,0.49329,0.020863,0.017205,4.0,covid peak,fit partial to 2019,519.0,tel_eun_3.2Adc_d88_m113,,,
1038,,,,,,,,,,,,,,,,,,,,,,,,,,,,,,,,,,,,,,,
1039,tel_eun_3.2Adc_d89_m113,telework,EU,3.2,Adopter characteristics,Employed persons (Age: 50+) teleworking as a percentage of total employees age: 50+ (%),Percentage of employment within age group,b6,10.0,10.0,0.20469,0.0015374,0.0058424,2015.4,21.469,0.13422,1555.2,158000.0,-11.707,0.51572,0.27358,0.016462,0.01395,-13.279,-17.359,0.089387,0.0862,0.50326,0.36134,0.016672,0.013714,4.0,covid peak,fit partial to 2019,520.0,tel_eun_3.2Adc_d89_m113,,,
1040,,,,,,,,,,,,,,,,,,,,,,,,,,,,,,,,,,,,,,,
1041,tel_eun_3.2Adc_d98_m36,telework,EU,3.2,Adopter characteristics,Female employees teleworking as a % of total female employment,% female teleworkers of total female employment,b6,10.0,10.0,0.29721,0.0018227,0.0088909,2017.6,14.786,0.14206,1555.1,158000.0,-17.867,0.57525,0.36288,0.022376,0.018904,-5.3886,-7.2139,0.086781,0.0797,0.55323,0.42558,0.022949,0.018953,4.0,covid peak,fit partial to 2019,521.0,tel_eun_3.2Adc_d98_m36,,,
1042,,,,,,,,,,,,,,,,,,,,,,,,,,,,,,,,,,,,,,,
1043,tel_fra_1.1Ado_d91_m114,telework,France,1.1,Adoption over time,Employed persons teleworking as a percentage of the total employment (%),Percentage of total employment,b6,10.0,10.0,0.25393,0.0018494,0.0091939,2017.1,17.306,0.16771,1555.1,158000.0,-18.461,0.48986,0.23479,0.027406,0.022958,-6.3776,-8.4854,0.10422,0.0969,0.47366,0.32327,0.027838,0.022835,4.0,covid peak,fit partial to 2019,522.0,tel_fra_1.1Ado_d91_m114,,,
1044,,,,,,,,,,,,,,,,,,,,,,,,,,,,,,,,,,,,,,,
1045,tel_fra_3.2Adc_d118_m38,telework,France,3.2,Adopter characteristics,Male employees teleworking as a % of total male employment,% male teleworkers of total male employment,b6,10.0,10.0,0.32973,0.0018513,0.0092,2017.3,13.327,0.13895,1555.1,158000.0,-18.489,0.52198,0.28297,0.02594,0.021575,-4.7303,-6.3675,0.089812,0.0816,0.49606,0.35208,0.026634,0.02148,4.0,covid peak,fit partial to 2019,523.0,tel_fra_3.2Adc_d118_m38,,,
1046,,,,,,,,,,,,,,,,,,,,,,,,,,,,,,,,,,,,,,,
1047,tel_fra_3.2Adc_d98_m36,telework,France,3.2,Adopter characteristics,Female employees teleworking as a % of total female employment,% female teleworkers of total female employment,b6,10.0,10.0,0.20501,0.0018457,0.0091697,2017.0,21.435,0.19861,1555.1,158000.0,-18.396,0.46215,0.19323,0.028756,0.024175,-8.3198,-10.983,0.1197,0.1131,0.45118,0.29438,0.029048,0.024056,4.0,covid peak,fit partial to 2019,524.0,tel_fra_3.2Adc_d98_m36,,,
1048,,,,,,,,,,,,,,,,,,,,,,,,,,,,,,,,,,,,,,,
1049,tel_ger_1.1Ado_d91_m114,telework,Germany,1.1,Adoption over time,Employed persons teleworking as a percentage of the total employment (%),Percentage of total employment,b6,10.0,10.0,0.58099,0.17996,0.015855,2018.7,7.5637,0.16673,0.32452,2026.7,-31.92,0.80971,0.71457,0.022894,0.018781,0.72517,0.64664,0.027513,0.021466,0.75291,0.68231,0.026088,0.022185,4.0,covid peak,fit partial to 2019,525.0,tel_ger_1.1Ado_d91_m114,,,
1050,,,,,,,,,,,,,,,,,,,,,,,,,,,,,,,,,,,,,,,
1051,tel_ger_3.2Adc_d118_m38,telework,Germany,3.2,Adopter characteristics,Male employees teleworking as a % of total male employment,% male teleworkers of total male employment,b6,10.0,10.0,0.64657,0.18227,0.016127,2018.7,6.7966,0.16338,0.32229,2026.6,-32.471,0.80481,0.70722,0.023773,0.01999,0.70814,0.62475,0.02907,0.022916,0.74108,0.6671,0.02738,0.023313,4.0,covid peak,fit partial to 2019,526.0,tel_ger_3.2Adc_d118_m38,,,
1052,,,,,,,,,,,,,,,,,,,,,,,,,,,,,,,,,,,,,,,
1053,tel_ger_3.2Adc_d98_m36,telework,Germany,3.2,Adopter characteristics,Female employees teleworking as a % of total female employment,% female teleworkers of total female employment,b6,10.0,10.0,0.51604,0.17843,0.015539,2018.8,8.5158,0.17241,0.19208,2023.8,-31.283,0.81759,0.72638,0.021771,0.017459,0.74844,0.67656,0.025566,0.019788,0.7667,0.70004,0.024621,0.020954,4.0,covid peak,fit partial to 2019,527.0,tel_ger_3.2Adc_d98_m36,,,
1054,,,,,,,,,,,,,,,,,,,,,,,,,,,,,,,,,,,,,,,
1055,tel_ire_1.1Ado_d91_m114,telework,Ireland,1.1,Adoption over time,Employed persons teleworking as a percentage of the total employment (%),Percentage of total employment,b6,10.0,10.0,1.961,0.21458,0.030703,2019.3,2.2409,0.2648,0.44127,2024.9,-61.844,0.85414,0.7812,0.039624,0.035283,0.68451,0.59436,0.058275,0.046316,0.72252,0.64324,0.054651,0.04627,4.0,covid peak,fit partial to 2019,528.0,tel_ire_1.1Ado_d91_m114,,,
1056,,,,,,,,,,,,,,,,,,,,,,,,,,,,,,,,,,,,,,,
1057,tel_ire_3.2Adc_d118_m38,telework,Ireland,3.2,Adopter characteristics,Male employees teleworking as a % of total male employment,% male teleworkers of total male employment,b6,10.0,10.0,1.2415,0.21295,0.030667,2019.1,3.5397,0.27353,0.45018,2024.9,-61.767,0.85451,0.78176,0.038831,0.034562,0.72313,0.64402,0.053568,0.041989,0.74862,0.6768,0.051042,0.043467,4.0,covid peak,fit partial to 2019,529.0,tel_ire_3.2Adc_d118_m38,,,
1058,,,,,,,,,,,,,,,,,,,,,,,,,,,,,,,,,,,,,,,
1059,tel_ire_3.2Adc_d98_m36,telework,Ireland,3.2,Adopter characteristics,Female employees teleworking as a % of total female employment,% female teleworkers of total female employment,b6,10.0,10.0,2.679,0.21648,0.030685,2019.4,1.6403,0.25816,0.43799,2025.0,-61.813,0.85607,0.7841,0.040251,0.03356,0.63867,0.53544,0.063774,0.051418,0.69009,0.60155,0.059063,0.049568,4.0,covid peak,fit partial to 2019,530.0,tel_ire_3.2Adc_d98_m36,,,
1060,,,,,,,,,,,,,,,,,,,,,,,,,,,,,,,,,,,,,,,
1061,tel_ita_1.1Ado_d91_m114,telework,Italy,1.1,Adoption over time,Employed persons teleworking as a percentage of the total employment (%),Percentage of total employment,b6,10.0,10.0,0.45155,0.0014163,0.0045152,2015.7,9.7319,0.070462,1555.2,158000.0,-9.0631,0.26481,-0.10278,0.023938,0.018354,-3.298,-4.526,0.057878,0.0507,0.21579,-0.0082692,0.024723,0.017432,4.0,covid peak,fit partial to 2019,531.0,tel_ita_1.1Ado_d91_m114,,,
1062,,,,,,,,,,,,,,,,,,,,,,,,,,,,,,,,,,,,,,,
1063,tel_ita_3.2Adc_d118_m38,telework,Italy,3.2,Adopter characteristics,Male employees teleworking as a % of total male employment,% male teleworkers of total male employment,b6,10.0,10.0,0.40578,0.0012966,0.0032303,2014.6,10.83,0.062362,1555.3,157000.0,-6.4721,0.22166,-0.16751,0.019553,0.014569,-4.7493,-6.3919,0.053142,0.0483,0.17526,-0.060385,0.020128,0.013743,4.0,covid peak,fit partial to 2019,532.0,tel_ita_3.2Adc_d118_m38,,,
1064,,,,,,,,,,,,,,,,,,,,,,,,,,,,,,,,,,,,,,,
1065,tel_ita_3.2Adc_d98_m36,telework,Italy,3.2,Adopter characteristics,Female employees teleworking as a % of total female employment,% female teleworkers of total female employment,b6,10.0,10.0,0.5564,0.0015721,0.0061879,2016.7,7.898,0.08038,1555.2,158000.0,-12.437,0.30064,-0.049041,0.030171,0.023446,-2.2155,-3.1342,0.064694,0.0537,0.24269,0.026319,0.031396,0.022599,4.0,covid peak,fit partial to 2019,533.0,tel_ita_3.2Adc_d98_m36,,,
1066,,,,,,,,,,,,,,,,,,,,,,,,,,,,,,,,,,,,,,,
1067,tel_net_1.1Ado_d91_m114,telework,Netherlands,1.1,Adoption over time,Employed persons teleworking as a percentage of the total employment (%),Percentage of total employment,b6,10.0,10.0,0.28415,0.022521,0.003503,2009.9,15.465,0.16498,0.00046253,1762.3,-6.9225,0.23186,-0.15221,0.020371,0.015041,0.17893,-0.055663,0.021061,0.01444,0.18739,-0.04478,0.020952,0.014238,4.0,covid peak,fit partial to 2019,534.0,tel_net_1.1Ado_d91_m114,,,
1068,,,,,,,,,,,,,,,,,,,,,,,,,,,,,,,,,,,,,,,
1069,tel_net_3.2Adc_d118_m38,telework,Netherlands,3.2,Adopter characteristics,Male employees teleworking as a % of total male employment,% male teleworkers of total male employment,b6,10.0,10.0,0.40348,0.0086193,0.0014303,2009.1,10.891,0.16402,1.5632,2284.6,-2.7293,0.091703,-0.36245,0.019136,0.013832,0.039819,-0.23452,0.019675,0.013603,0.041863,-0.23189,0.019654,0.013577,4.0,covid peak,fit partial to 2019,535.0,tel_net_3.2Adc_d118_m38,,,
1070,,,,,,,,,,,,,,,,,,,,,,,,,,,,,,,,,,,,,,,
1071,tel_net_3.2Adc_d98_m36,telework,Netherlands,3.2,Adopter characteristics,Female employees teleworking as a % of total female employment,% female teleworkers of total female employment,b6,10.0,10.0,0.23749,0.040286,0.0057939,2012.0,18.504,0.17154,1.41e-05,1790.7,-11.557,0.37113,0.056696,0.022531,0.016264,0.3288,0.13703,0.023277,0.015553,0.34308,0.15539,0.023028,0.015619,4.0,covid peak,fit partial to 2019,536.0,tel_net_3.2Adc_d98_m36,,,
1072,,,,,,,,,,,,,,,,,,,,,,,,,,,,,,,,,,,,,,,
1073,tel_usa_1.1Ado_d91_m114,telework,USA,1.1,Adoption over time,Employed persons teleworking as a percentage of the total employment (%),Percentage of total employment,b6,28.0,28.0,0.099701,0.0013676,0.0039119,2133.1,44.076,11593.0,1555.1,157000.0,-7.7839,0.45522,0.38712,0.050424,0.034681,-1.2001,-1.3761,0.10133,0.074839,0.29345,0.23692,0.057424,0.037884,2.0,,,537.0,tel_usa_1.1Ado_d91_m114,,,
1074,,,,,,,,,,,,,,,,,,,,,,,,,,,,,,,,,,,,,,,
1076,,,,,,,,,,,,,,,,,,,,,,,,,,,,,,,,,,,,,,,
1078,,,,,,,,,,,,,,,,,,,,,,,,,,,,,,,,,,,,,,,
1080,,,,,,,,,,,,,,,,,,,,,,,,,,,,,,,,,,,,,,,
1082,,,,,,,,,,,,,,,,,,,,,,,,,,,,,,,,,,,,,,,
1084,,,,,,,,,,,,,,,,,,,,,,,,,,,,,,,,,,,,,,,
1086,,,,,,,,,,,,,,,,,,,,,,,,,,,,,,,,,,,,,,,
1088,,,,,,,,,,,,,,,,,,,,,,,,,,,,,,,,,,,,,,,
1089,tex_usa_1.1Ado_d175_m29,textile recycling,USA,1.1,Adoption over time,Recycled textiles as a share of textiles generation.,%,m14,9.0,9.0,0.13193,0.020045,0.0025345,1982.4,33.31,0.15586,2.01e-07,1337.6,-4.9468,0.98803,0.98085,0.0048042,0.0037244,0.77726,0.70301,0.020727,0.01884,0.8734,0.83121,0.015626,0.014559,1.0,,,545.0,tex_usa_1.1Ado_d175_m29,,,
1090,,,,,,,,,,,,,,,,,,,,,,,,,,,,,,,,,,,,,,,
1091,,,,,,,,,,,,,,,,,,,,,,,,,,,,,,,,,,,,,,,
1092,,,,,,,,,,,,,,,,,,,,,,,,,,,,,,,,,,,,,,,
1093,,,,,,,,,,,,,,,,,,,,,,,,,,,,,,,,,,,,,,,
1094,,,,,,,,,,,,,,,,,,,,,,,,,,,,,,,,,,,,,,,
1095,,,,,,,,,,,,,,,,,,,,,0.33,,,,,,,,,,,,,,,,,,
