Variable,Description,Unit,Source,Citation,Additional Source,Additional Citation,Note
Annual Production|Acrylic Fiber,Annual production of acrylic fiber,million pounds,Santa Fe Institute Performance Curve Database,"“Performance Curve Database.” Accessed October 8, 2023. https://pcdb.santafe.edu/.",,,
Annual Production|Acrylonitrile,Annual production of acrylonitrile,million pounds,Santa Fe Institute Performance Curve Database,"“Performance Curve Database.” Accessed October 8, 2023. https://pcdb.santafe.edu/.",,,
Annual Production|Air-Source Heat Pumps,Annual shipments of Air Source Heat Pumps,-,"Air-Conditioning, Heating, and Refrigeration Institute","Air-Conditioning, Heating, and Refrigeration Institute. “Central Air Conditioners and Air-Source Heat Pumps | AHRI.” Accessed October 8, 2023. https://www.ahrinet.org/analytics/statistics/historical-data/central-air-conditioners-and-air-source-heat-pumps.",,,
Annual Production|All Biofuels,Annual production of biofuels across types,Petajoule,BP/Energy Institute Statistical Review of World Energy,"bp global. “Statistical Review of World Energy | Energy Economics | Home.” Accessed October 8, 2023. https://www.bp.com/en/global/corporate/energy-economics/statistical-review-of-world-energy.html.",,,
Annual Production|Ammonia Synthesis,Annual production of synthetic ammonia through ammonia synthesis (includes nitrogen fertilizer and synthetic ammonia production),thousand tons of nitrogen equivalent,Food and Agriculture Organization of the United Nations,"Food and Agriculture Organization of the United Nations. “Fertilizers by Nutrient.” FAOSTAT. Accessed October 8, 2023. https://www.fao.org/faostat/en/#data/RFN.",Statistical Yearbook of the League of Nations; FAOSTAT,"League of Nations Armaments Year-Book 1924, 1926, 1931, 2nd ed, Publications of the League of Nations. League of Nations, Geneva.",Data combined by both sources for world time series
Annual Production|Aniline,Annual production of aniline,million pounds,Santa Fe Institute Performance Curve Database,"“Performance Curve Database.” Accessed October 8, 2023. https://pcdb.santafe.edu/.",,,
Annual Production|Aquaculture,Annual aquaculture production (output from aquaculture activities for consumption),metric tons,World Bank World Development Indicators (WDI),"“World Development Indicators | Data Catalog.” Accessed October 22, 2023. https://datacatalog.worldbank.org/search/dataset/0037712/World-Development-Indicators.",,,
Annual Production|Beer,Annual beer production,thousand hectolitres,"Brian Mitchell, International Historical Statistics 1750-2010","Mitchell, Brian. International Historical Statistics. Edited by Palgrave Macmillan Ltd. International Historical Statistics. London: Palgrave Macmillan UK, 2013. https://doi.org/10.1057/978-1-137-30568-8.",,,
Annual Production|Benzene,Annual production of benzene,million gallons,Santa Fe Institute Performance Curve Database,"“Performance Curve Database.” Accessed October 8, 2023. https://pcdb.santafe.edu/.",,,
Annual Production|Bisphenol A,Annual production of Bisphenol A (BPA),million pounds,Santa Fe Institute Performance Curve Database,"“Performance Curve Database.” Accessed October 8, 2023. https://pcdb.santafe.edu/.",,,
Annual Production|Cadmium Refining,"Annual cadmium refinery production (includes production from ores, concentrates, flue dusts, and other materials)",metric tons,U.S. Geological Survey National Minerals Information Center,"Matos, Grecia. “Historical Global Statistics for Mineral and Material Commodities | U.S. Geological Survey.” NATIONAL MINERALS INFORMATION CENTER. Accessed October 8, 2023. https://www.usgs.gov/centers/national-minerals-information-center/historical-global-statistics-mineral-and-material.",,,
Annual Production|Cane Sugar,Annual cane sugar production,thousand metric tons,"Brian Mitchell, International Historical Statistics 1750-2010","Mitchell, Brian. International Historical Statistics. Edited by Palgrave Macmillan Ltd. International Historical Statistics. London: Palgrave Macmillan UK, 2013. https://doi.org/10.1057/978-1-137-30568-8.",,,
Annual Production|Caprolactam,Annual production of caprolactam,million pounds,Santa Fe Institute Performance Curve Database,"“Performance Curve Database.” Accessed October 8, 2023. https://pcdb.santafe.edu/.",,,
Annual Production|Capture Fisheries,"Annual production of capture fisheries measured as volume of fish catches (including commercial, industrial, recreational, and subsistence)",metric tons,World Bank World Development Indicators (WDI),"“World Development Indicators | Data Catalog.” Accessed October 22, 2023. https://datacatalog.worldbank.org/search/dataset/0037712/World-Development-Indicators.",,,
Annual Production|Caustic Soda,Annual production of caustic soda,thousand metric tons,"Brian Mitchell, International Historical Statistics 1750-2010","Mitchell, Brian. International Historical Statistics. Edited by Palgrave Macmillan Ltd. International Historical Statistics. London: Palgrave Macmillan UK, 2013. https://doi.org/10.1057/978-1-137-30568-8.",,,
Annual Production|Cement,Annual production of cement (includes portland cement and masonry cement end-uses),metric tons,U.S. Geological Survey National Minerals Information Center,"Matos, Grecia. “Historical Global Statistics for Mineral and Material Commodities | U.S. Geological Survey.” NATIONAL MINERALS INFORMATION CENTER. Accessed October 8, 2023. https://www.usgs.gov/centers/national-minerals-information-center/historical-global-statistics-mineral-and-material.",,,
Annual Production|Coal,Total coal production,million metric tons,BP/Energy Institute Statistical Review of World Energy,"bp global. “Statistical Review of World Energy | Energy Economics | Home.” Accessed October 8, 2023. https://www.bp.com/en/global/corporate/energy-economics/statistical-review-of-world-energy.html.",,,
Annual Production|Cobalt,Annual production of cobalt mining,thousand metric tons,BP/Energy Institute Statistical Review of World Energy,"bp global. “Statistical Review of World Energy | Energy Economics | Home.” Accessed October 8, 2023. https://www.bp.com/en/global/corporate/energy-economics/statistical-review-of-world-energy.html.",,,
Annual Production|Copper|Mining,Annual production of copper from mines,metric tons,U.S. Geological Survey National Minerals Information Center,"Matos, Grecia. “Historical Global Statistics for Mineral and Material Commodities | U.S. Geological Survey.” NATIONAL MINERALS INFORMATION CENTER. Accessed October 8, 2023. https://www.usgs.gov/centers/national-minerals-information-center/historical-global-statistics-mineral-and-material.",,,
Annual Production|Copper|Refining,Annual copper refinery production,metric tons,U.S. Geological Survey National Minerals Information Center,"Matos, Grecia. “Historical Global Statistics for Mineral and Material Commodities | U.S. Geological Survey.” NATIONAL MINERALS INFORMATION CENTER. Accessed October 8, 2023. https://www.usgs.gov/centers/national-minerals-information-center/historical-global-statistics-mineral-and-material.",,,
Annual Production|Crude Oil,Annual production of crude oil,thousand metric tons,"Brian Mitchell, International Historical Statistics 1750-2010","Mitchell, Brian. International Historical Statistics. Edited by Palgrave Macmillan Ltd. International Historical Statistics. London: Palgrave Macmillan UK, 2013. https://doi.org/10.1057/978-1-137-30568-8.",Santa Fe Institute Performance Curve Database,"“Performance Curve Database.” Accessed October 8, 2023. https://pcdb.santafe.edu/.","Country time series from Mitchell, global time series from PCDB"
Annual Production|Cyclohexane,Annual production of cyclohexane,million pounds,Santa Fe Institute Performance Curve Database,"“Performance Curve Database.” Accessed October 8, 2023. https://pcdb.santafe.edu/.",,,
Annual Production|Electricity,Annual production of electricity,TWh,BP/Energy Institute Statistical Review of World Energy,"bp global. “Statistical Review of World Energy | Energy Economics | Home.” Accessed October 8, 2023. https://www.bp.com/en/global/corporate/energy-economics/statistical-review-of-world-energy.html.",,,
Annual Production|Electricity|Nuclear,Annual electricity production of nuclear energy systems,TWh,BP/Energy Institute Statistical Review of World Energy,"bp global. “Statistical Review of World Energy | Energy Economics | Home.” Accessed October 8, 2023. https://www.bp.com/en/global/corporate/energy-economics/statistical-review-of-world-energy.html.",,,
Annual Production|Ethanolamine,Annual production of ethanolamine,million pounds,Santa Fe Institute Performance Curve Database,"“Performance Curve Database.” Accessed October 8, 2023. https://pcdb.santafe.edu/.",,,
Annual Production|Ethanol,Annual production of ethanol,million pounds,Santa Fe Institute Performance Curve Database,"“Performance Curve Database.” Accessed October 8, 2023. https://pcdb.santafe.edu/.",,,
Annual Production|Ethylene,Annual Production of ethylene,billion pounds,Santa Fe Institute Performance Curve Database,"“Performance Curve Database.” Accessed October 8, 2023. https://pcdb.santafe.edu/.",,,
Annual Production|Ethylene Glycol,Annual production of ethylene glycol,million pounds,Santa Fe Institute Performance Curve Database,"“Performance Curve Database.” Accessed October 8, 2023. https://pcdb.santafe.edu/.",,,
Annual Production|Formaldehyde,Annual production of formaldehyde,million pounds,Santa Fe Institute Performance Curve Database,"“Performance Curve Database.” Accessed October 8, 2023. https://pcdb.santafe.edu/.",,,
Annual Production|Gold,Annual production of gold,metric tons,"Brian Mitchell, International Historical Statistics 1750-2010","Mitchell, Brian. International Historical Statistics. Edited by Palgrave Macmillan Ltd. International Historical Statistics. London: Palgrave Macmillan UK, 2013. https://doi.org/10.1057/978-1-137-30568-8.",U.S. Geological Survey National Minerals Information Center,"Matos, Grecia. “Historical Global Statistics for Mineral and Material Commodities | U.S. Geological Survey.” NATIONAL MINERALS INFORMATION CENTER. Accessed October 8, 2023. https://www.usgs.gov/centers/national-minerals-information-center/historical-global-statistics-mineral-and-material.","US and World data from USGS, all other country level time series from Mitchell"
Annual Production|Graphite,Annual production of graphite mining,thousand metric tons,U.S. Geological Survey National Minerals Information Center,"Matos, Grecia. “Historical Global Statistics for Mineral and Material Commodities | U.S. Geological Survey.” NATIONAL MINERALS INFORMATION CENTER. Accessed October 8, 2023. https://www.usgs.gov/centers/national-minerals-information-center/historical-global-statistics-mineral-and-material.",,,
Annual Production|High-Density Polyethylene,Annual production of high-density polyethylene,million pounds,Santa Fe Institute Performance Curve Database,"“Performance Curve Database.” Accessed October 8, 2023. https://pcdb.santafe.edu/.",,,
Annual Production|Hydrochloric Acid,Annual production of hydrochloric acid,thousand metric tons,"Brian Mitchell, International Historical Statistics 1750-2010","Mitchell, Brian. International Historical Statistics. Edited by Palgrave Macmillan Ltd. International Historical Statistics. London: Palgrave Macmillan UK, 2013. https://doi.org/10.1057/978-1-137-30568-8.",,,
Annual Production|Hydroelectricity,Annual production of hydroelectricity,TWh,BP/Energy Institute Statistical Review of World Energy,"bp global. “Statistical Review of World Energy | Energy Economics | Home.” Accessed October 8, 2023. https://www.bp.com/en/global/corporate/energy-economics/statistical-review-of-world-energy.html.",,,
Annual Production|Hydrofluoric Acid,Annual production of hydrofluoric acid,million pounds,Santa Fe Institute Performance Curve Database,"“Performance Curve Database.” Accessed October 8, 2023. https://pcdb.santafe.edu/.",,,
Annual Production|Iron Ore,Annual production of iron ore,metric tons,U.S. Geological Survey National Minerals Information Center,"Matos, Grecia. “Historical Global Statistics for Mineral and Material Commodities | U.S. Geological Survey.” NATIONAL MINERALS INFORMATION CENTER. Accessed October 8, 2023. https://www.usgs.gov/centers/national-minerals-information-center/historical-global-statistics-mineral-and-material.",,,
Annual Production|Lead,Annual production of lead mines (lead content),metric tons,U.S. Geological Survey National Minerals Information Center,"Matos, Grecia. “Historical Global Statistics for Mineral and Material Commodities | U.S. Geological Survey.” NATIONAL MINERALS INFORMATION CENTER. Accessed October 8, 2023. https://www.usgs.gov/centers/national-minerals-information-center/historical-global-statistics-mineral-and-material.",,,
Annual Production|Liquefied Natural Gas Exports,Annual exports of liquified natural gas,billion cubic feet,U.S. Energy Information Administration,"“U.S. Shale Production (Billion Cubic Feet).” Accessed October 8, 2023. https://www.eia.gov/dnav/ng/hist/res_epg0_r5302_nus_bcfa.htm.",,,
Annual Production|Lithium Mine Production,Annual production of lithium mining,thousand metric tons,U.S. Geological Survey National Minerals Information Center,"Matos, Grecia. “Historical Global Statistics for Mineral and Material Commodities | U.S. Geological Survey.” NATIONAL MINERALS INFORMATION CENTER. Accessed October 8, 2023. https://www.usgs.gov/centers/national-minerals-information-center/historical-global-statistics-mineral-and-material.",,,
Annual Production|Low-Density Polyethylene,Annual production of low-density polyethylene,million pounds,Santa Fe Institute Performance Curve Database,"“Performance Curve Database.” Accessed October 8, 2023. https://pcdb.santafe.edu/.",,,
Annual Production|Magnesium,Annual production of magnesium,million pounds,Santa Fe Institute Performance Curve Database,"“Performance Curve Database.” Accessed October 8, 2023. https://pcdb.santafe.edu/.",,,
Annual Production|Maleic Anhydride,Annual production of maleic anhydride,million pounds,Santa Fe Institute Performance Curve Database,"“Performance Curve Database.” Accessed October 8, 2023. https://pcdb.santafe.edu/.",,,
Annual Production|Methanol,Annual production of methanol,million pounds,Santa Fe Institute Performance Curve Database,"“Performance Curve Database.” Accessed October 8, 2023. https://pcdb.santafe.edu/.",,,
Annual Production|Milk,Annual amount of milk production,thousand metric tons,"Brian Mitchell, International Historical Statistics 1750-2010","Mitchell, Brian. International Historical Statistics. Edited by Palgrave Macmillan Ltd. International Historical Statistics. London: Palgrave Macmillan UK, 2013. https://doi.org/10.1057/978-1-137-30568-8.",,,
Annual Production|Motor Gasoline,Annual production of motor gasoline,billion barrels,Santa Fe Institute Performance Curve Database,"“Performance Curve Database.” Accessed October 8, 2023. https://pcdb.santafe.edu/.",,,
Annual Production|Natural Gas Production,Annual natural gas production,billion cubic meters,BP/Energy Institute Statistical Review of World Energy,"bp global. “Statistical Review of World Energy | Energy Economics | Home.” Accessed October 8, 2023. https://www.bp.com/en/global/corporate/energy-economics/statistical-review-of-world-energy.html.",,,
Annual Production|Neoprene Rubber,Annual production of neoprene rubber,million pounds,Santa Fe Institute Performance Curve Database,"“Performance Curve Database.” Accessed October 8, 2023. https://pcdb.santafe.edu/.",,,
Annual Production|Nickel,Annual production of nickel,thousand metric tons,"Brian Mitchell, International Historical Statistics 1750-2010","Mitchell, Brian. International Historical Statistics. Edited by Palgrave Macmillan Ltd. International Historical Statistics. London: Palgrave Macmillan UK, 2013. https://doi.org/10.1057/978-1-137-30568-8.",U.S. Geological Survey National Minerals Information Center,"Matos, Grecia. “Historical Global Statistics for Mineral and Material Commodities | U.S. Geological Survey.” NATIONAL MINERALS INFORMATION CENTER. Accessed October 8, 2023. https://www.usgs.gov/centers/national-minerals-information-center/historical-global-statistics-mineral-and-material.","World data from USGS, country-level data from Mitchell"
Annual Production|Nitric Acid,Annual production of nitric acid,thousand metric tons,"Brian Mitchell, International Historical Statistics 1750-2010","Mitchell, Brian. International Historical Statistics. Edited by Palgrave Macmillan Ltd. International Historical Statistics. London: Palgrave Macmillan UK, 2013. https://doi.org/10.1057/978-1-137-30568-8.",,,
Annual Production|Nitrogen Fertilizer,Annual nutrient nitrogen fertilizer for agricultural use,metric tons,Food and Agriculture Organization of the United Nations,"Food and Agriculture Organization of the United Nations. “Fertilizers by Nutrient.” FAOSTAT. Accessed October 8, 2023. https://www.fao.org/faostat/en/#data/RFN.",,,
Annual Production|Oil,Annual production of oil,million metric tons,BP/Energy Institute Statistical Review of World Energy,"bp global. “Statistical Review of World Energy | Energy Economics | Home.” Accessed October 8, 2023. https://www.bp.com/en/global/corporate/energy-economics/statistical-review-of-world-energy.html.",,,
Annual Production|Paraxylene,Annual production of paraxylene,million pounds,Santa Fe Institute Performance Curve Database,"“Performance Curve Database.” Accessed October 8, 2023. https://pcdb.santafe.edu/.",,,
Annual Production|Pentaerythritol,Annual production of pentaerythritol,million pounds,Santa Fe Institute Performance Curve Database,"“Performance Curve Database.” Accessed October 8, 2023. https://pcdb.santafe.edu/.",,,
Annual Production|Phenol,Annual production of phenol,million pounds,Santa Fe Institute Performance Curve Database,"“Performance Curve Database.” Accessed October 8, 2023. https://pcdb.santafe.edu/.",,,
Annual Production|Phosphate Fertilizer,Annual nutrient nitrogen fertilizer for agricultural use,metric tons,Food and Agriculture Organization of the United Nations,"Food and Agriculture Organization of the United Nations. “Fertilizers by Nutrient.” FAOSTAT. Accessed October 8, 2023. https://www.fao.org/faostat/en/#data/RFN.",,,
Annual Production|Phthalic Anhydride,Annual production of phthalic anhydride,million pounds,Food and Agriculture Organization of the United Nations,"Food and Agriculture Organization of the United Nations. “Fertilizers by Nutrient.” FAOSTAT. Accessed October 8, 2023. https://www.fao.org/faostat/en/#data/RFN.",,,
Annual Production|Polyester Fiber,Annual production of polyester,million pounds,Santa Fe Institute Performance Curve Database,"“Performance Curve Database.” Accessed October 8, 2023. https://pcdb.santafe.edu/.",,,
Annual Production|Polystyrene,Annual production of polystyrene,million pounds,Santa Fe Institute Performance Curve Database,"“Performance Curve Database.” Accessed October 8, 2023. https://pcdb.santafe.edu/.",,,
Annual Production|Polyvinylchloride,Annual production of polyvinylchloride,million pounds,Santa Fe Institute Performance Curve Database,"“Performance Curve Database.” Accessed October 8, 2023. https://pcdb.santafe.edu/.",,,
Annual Production|Potash Fertilizer,Annual nutrient potash K20 for agricultural use,metric tons,Food and Agriculture Organization of the United Nations,"Food and Agriculture Organization of the United Nations. “Fertilizers by Nutrient.” FAOSTAT. Accessed October 8, 2023. https://www.fao.org/faostat/en/#data/RFN.",,,
Annual Production|Primary Aluminum,"Annual primary production of aluminum (includes aluminum tapped from pots, excludes weight of alloying materials and metal produced from return scrap or remelted minerals)",metric tons,U.S. Geological Survey National Minerals Information Center,"Matos, Grecia. “Historical Global Statistics for Mineral and Material Commodities | U.S. Geological Survey.” NATIONAL MINERALS INFORMATION CENTER. Accessed October 8, 2023. https://www.usgs.gov/centers/national-minerals-information-center/historical-global-statistics-mineral-and-material.",,,
Annual Production|Primary Bauxite,Annual production of bauxite,metric tons,U.S. Geological Survey National Minerals Information Center,"Matos, Grecia. “Historical Global Statistics for Mineral and Material Commodities | U.S. Geological Survey.” NATIONAL MINERALS INFORMATION CENTER. Accessed October 8, 2023. https://www.usgs.gov/centers/national-minerals-information-center/historical-global-statistics-mineral-and-material.",,,
Annual Production|Primary Copper,"Annual primary production of copper (includes copper produced from ore, concentrates, precipitates, measured in tons of copper content)",metric tons,U.S. Geological Survey National Minerals Information Center,"Matos, Grecia. “Historical Global Statistics for Mineral and Material Commodities | U.S. Geological Survey.” NATIONAL MINERALS INFORMATION CENTER. Accessed October 8, 2023. https://www.usgs.gov/centers/national-minerals-information-center/historical-global-statistics-mineral-and-material.",,,
Annual Production|Primary Magnesium,Annual production of primary magnesium,Short tons,Santa Fe Institute Performance Curve Database,"“Performance Curve Database.” Accessed October 8, 2023. https://pcdb.santafe.edu/.",,,
Annual Production|Rare Earth Mine Production,Annual production of rare earth materials,thousand metric tons,BP/Energy Institute Statistical Review of World Energy,"bp global. “Statistical Review of World Energy | Energy Economics | Home.” Accessed October 8, 2023. https://www.bp.com/en/global/corporate/energy-economics/statistical-review-of-world-energy.html.",,,
Annual Production|Raw Steel,Amount of raw steel production (includes steel formed in solid state after melting),metric tons,U.S. Geological Survey National Minerals Information Center,"Matos, Grecia. “Historical Global Statistics for Mineral and Material Commodities | U.S. Geological Survey.” NATIONAL MINERALS INFORMATION CENTER. Accessed October 8, 2023. https://www.usgs.gov/centers/national-minerals-information-center/historical-global-statistics-mineral-and-material.",,,
Annual Production|Renewable Power,Annual production of renewable energy,TWh,BP/Energy Institute Statistical Review of World Energy,"bp global. “Statistical Review of World Energy | Energy Economics | Home.” Accessed October 8, 2023. https://www.bp.com/en/global/corporate/energy-economics/statistical-review-of-world-energy.html.",,,
Annual Production|Salt,"Annual production of salt (includes end-uses of agriculture, alkalies and chlorine, deicing, food products, metal production, other chemicals, paper products, petroleum, textiles and cyeing, water treatment, and other industrial uses)",metric tons,U.S. Geological Survey National Minerals Information Center,"Matos, Grecia. “Historical Global Statistics for Mineral and Material Commodities | U.S. Geological Survey.” NATIONAL MINERALS INFORMATION CENTER. Accessed October 8, 2023. https://www.usgs.gov/centers/national-minerals-information-center/historical-global-statistics-mineral-and-material.",,,
Annual Production|Sand and Gravel|Construction,Annual production of sand and gravel for construction use,metric tons,U.S. Geological Survey National Minerals Information Center,"Matos, Grecia. “Historical Global Statistics for Mineral and Material Commodities | U.S. Geological Survey.” NATIONAL MINERALS INFORMATION CENTER. Accessed October 8, 2023. https://www.usgs.gov/centers/national-minerals-information-center/historical-global-statistics-mineral-and-material.",,,
Annual Production|Sand and Gravel|Industrial,"Annual production of sand and gravel for industrial uses (includes glassmaking, foundry, metallurgical uses, abrasives, filtration, petroleum, recreational uses)",metric tons,U.S. Geological Survey National Minerals Information Center,"Matos, Grecia. “Historical Global Statistics for Mineral and Material Commodities | U.S. Geological Survey.” NATIONAL MINERALS INFORMATION CENTER. Accessed October 8, 2023. https://www.usgs.gov/centers/national-minerals-information-center/historical-global-statistics-mineral-and-material.",,,
Annual Production|Shale Oil,Annual production of shale oil,billion cubic feet,U.S. Energy Information Administration,"“U.S. Shale Production (Billion Cubic Feet).” Accessed October 8, 2023. https://www.eia.gov/dnav/ng/hist/res_epg0_r5302_nus_bcfa.htm.",,,
Annual Production|Shotgun Sanger DNA Sequencing,Amount of DNA sequencing in kilobases that have been processed using the Shotgun Sanger method,kilobase,Wetterstrand KA. DNA Sequencing Costs: Data from the NHGRI Genome Sequencing Program,"Genome.gov. “DNA Sequencing Costs: Data.” Accessed October 22, 2023. https://www.genome.gov/about-genomics/fact-sheets/DNA-Sequencing-Costs-Data.",,,
Annual Production|Silver,Annual production of silver,metric tons,"Brian Mitchell, International Historical Statistics 1750-2010","Mitchell, Brian. International Historical Statistics. Edited by Palgrave Macmillan Ltd. International Historical Statistics. London: Palgrave Macmillan UK, 2013. https://doi.org/10.1057/978-1-137-30568-8.",U.S. Geological Survey National Minerals Information Center,"Matos, Grecia. “Historical Global Statistics for Mineral and Material Commodities | U.S. Geological Survey.” NATIONAL MINERALS INFORMATION CENTER. Accessed October 8, 2023. https://www.usgs.gov/centers/national-minerals-information-center/historical-global-statistics-mineral-and-material.","US and World data from USGS, all other country level time series data from Mitchell"
Annual Production|Sodium,Annual production of sodium,million pounds,Santa Fe Institute Performance Curve Database,"“Performance Curve Database.” Accessed October 8, 2023. https://pcdb.santafe.edu/.",,,
Annual Production|Sodium Chlorate,Annual production of sodium chlorate,million pounds,Santa Fe Institute Performance Curve Database,"“Performance Curve Database.” Accessed October 8, 2023. https://pcdb.santafe.edu/.",,,
Annual Production|Styrene,Annual production of styrene,million pounds,Santa Fe Institute Performance Curve Database,"“Performance Curve Database.” Accessed October 8, 2023. https://pcdb.santafe.edu/.",,,
Annual Production|Sulphuric Acid,Annual production of sulphuric acid,thousand metric tons,"Brian Mitchell, International Historical Statistics 1750-2010","Mitchell, Brian. International Historical Statistics. Edited by Palgrave Macmillan Ltd. International Historical Statistics. London: Palgrave Macmillan UK, 2013. https://doi.org/10.1057/978-1-137-30568-8.",,,
Annual Production|Synthetic Filaments,Annual production of synthetic filaments,thousand metric tons,"Brian Mitchell, International Historical Statistics 1750-2010","Mitchell, Brian. International Historical Statistics. Edited by Palgrave Macmillan Ltd. International Historical Statistics. London: Palgrave Macmillan UK, 2013. https://doi.org/10.1057/978-1-137-30568-8.",,,
Annual Production|Tin,Annual production of tin,thousand metric tons,"Brian Mitchell, International Historical Statistics 1750-2010","Mitchell, Brian. International Historical Statistics. Edited by Palgrave Macmillan Ltd. International Historical Statistics. London: Palgrave Macmillan UK, 2013. https://doi.org/10.1057/978-1-137-30568-8.",U.S. Geological Survey National Minerals Information Center,"Matos, Grecia. “Historical Global Statistics for Mineral and Material Commodities | U.S. Geological Survey.” NATIONAL MINERALS INFORMATION CENTER. Accessed October 8, 2023. https://www.usgs.gov/centers/national-minerals-information-center/historical-global-statistics-mineral-and-material.","US and World data from USGS, all other country level time series data from Mitchell"
Annual Production|Titanium Sponge,Annual production of titanium sponge,net tons,Santa Fe Institute Performance Curve Database,"“Performance Curve Database.” Accessed October 8, 2023. https://pcdb.santafe.edu/.",,,
Annual Production|Urea,Annual production of urea,million pounds,Santa Fe Institute Performance Curve Database,"“Performance Curve Database.” Accessed October 8, 2023. https://pcdb.santafe.edu/.",,,
Annual Production|Vinyl Acetate,Annual production of vinyl acetate,million pounds,Santa Fe Institute Performance Curve Database,"“Performance Curve Database.” Accessed October 8, 2023. https://pcdb.santafe.edu/.",,,
Annual Production|Vinyl Chloride,Annual production of vinyl chloride,million pounds,Santa Fe Institute Performance Curve Database,"“Performance Curve Database.” Accessed October 8, 2023. https://pcdb.santafe.edu/.",,,
Annual Production|Zinc,Annual production of zinc,thousand metric tons,"Brian Mitchell, International Historical Statistics 1750-2010","Mitchell, Brian. International Historical Statistics. Edited by Palgrave Macmillan Ltd. International Historical Statistics. London: Palgrave Macmillan UK, 2013. https://doi.org/10.1057/978-1-137-30568-8.",U.S. Geological Survey National Minerals Information Center,"Matos, Grecia. “Historical Global Statistics for Mineral and Material Commodities | U.S. Geological Survey.” NATIONAL MINERALS INFORMATION CENTER. Accessed October 8, 2023. https://www.usgs.gov/centers/national-minerals-information-center/historical-global-statistics-mineral-and-material.","US and World data from USGS, all other country level time series data from Mitchell"
Average Capacity of Unit Additions|Fluid Catalytic Cracking Refineries,Average capacity of unit additions of oil refineries using fluid catalytic cracking,MW,"Charlie Wilson & Arnulf Grubler, Scaling Dynamics of Energy Technologies (SD-ET)","Grubler, Arnulf, and Charlie Wilson. “Scaling Dynamics of Energy Technologies (SD-ET).” IIASA - International Institute for Applied Systems Analysis. Accessed October 11, 2023. https://iiasa.ac.at/models-tools-data/sd-et.",,,
Cumulative Acreage|Insect-Resistant Corn,Acres planted with insect-resistant corn,Acres,"U.S. Department of Agriculture Economic Research Service, U.S. Department of Agriculture National Agricultural Statistics Service","US Department of Agriculture, Economic Research Service. “USDA ERS - Recent Trends in GE Adoption.” Accessed October 8, 2023. https://www.ers.usda.gov/data-products/adoption-of-genetically-engineered-crops-in-the-u-s/recent-trends-in-ge-adoption/.",,,Supplemented share of acreage with all corn acres planted: https://quickstats.nass.usda.gov/
Cumulative Acreage|Insect-Resistant Cotton,Acres planted with insect-resistant cotton,Acres,"U.S. Department of Agriculture Economic Research Service, U.S. Department of Agriculture National Agricultural Statistics Service","US Department of Agriculture, Economic Research Service. “USDA ERS - Recent Trends in GE Adoption.” Accessed October 8, 2023. https://www.ers.usda.gov/data-products/adoption-of-genetically-engineered-crops-in-the-u-s/recent-trends-in-ge-adoption/.",,,Supplemented share of acreage with all corn acres planted: https://quickstats.nass.usda.gov/
Cumulative Acreage|Herbicide-Tolerant Corn,Acres planted with herbicide-tolerant corn,Acres,"U.S. Department of Agriculture Economic Research Service, U.S. Department of Agriculture National Agricultural Statistics Service","US Department of Agriculture, Economic Research Service. “USDA ERS - Recent Trends in GE Adoption.” Accessed October 8, 2023. https://www.ers.usda.gov/data-products/adoption-of-genetically-engineered-crops-in-the-u-s/recent-trends-in-ge-adoption/.",,,Supplemented share of acreage with all corn acres planted: https://quickstats.nass.usda.gov/
Cumulative Acreage|Herbicide-Tolerant Cotton,Acres planted with herbicide-resistant cotton,Acres,"U.S. Department of Agriculture Economic Research Service, U.S. Department of Agriculture National Agricultural Statistics Service","US Department of Agriculture, Economic Research Service. “USDA ERS - Recent Trends in GE Adoption.” Accessed October 8, 2023. https://www.ers.usda.gov/data-products/adoption-of-genetically-engineered-crops-in-the-u-s/recent-trends-in-ge-adoption/.",,,Supplemented share of acreage with all corn acres planted: https://quickstats.nass.usda.gov/
Cumulative Acreage|Herbicide-Tolerant Soybeans,Acres planted with herbicide-resistant soybeans,Acres,"U.S. Department of Agriculture Economic Research Service, U.S. Department of Agriculture National Agricultural Statistics Service","US Department of Agriculture, Economic Research Service. “USDA ERS - Recent Trends in GE Adoption.” Accessed October 8, 2023. https://www.ers.usda.gov/data-products/adoption-of-genetically-engineered-crops-in-the-u-s/recent-trends-in-ge-adoption/.",,,Supplemented share of acreage with all corn acres planted: https://quickstats.nass.usda.gov/
Computing Capacity|Computing Growth,Amount of computing power per dollar,"Calculations per second per $1,000","Ray Kurzweil, The Singularity Is Near: When Humans Transcend Biology","Kurzweil, Ray. The Singularity Is near: When Humans Transcend Biology. New York: Viking, 2005. https://www.singularity.com/charts/.",,,
Computing Capacity|Internet Backbone Bandwidth,Capacity of internet data routes,Bits/second,"Ray Kurzweil, The Singularity Is Near: When Humans Transcend Biology","Kurzweil, Ray. The Singularity Is near: When Humans Transcend Biology. New York: Viking, 2005. https://www.singularity.com/charts/.",,,
Computing Capacity|Internet Traffic,Amount of data flow over the internet,Gigabytes per month,Cisco Blogs,"Sumits, Arielle. “The History and Future of Internet Traffic - Cisco Blogs.” The History and Future of Internet Traffic, August 28, 2015. https://blogs.cisco.com/sp/the-history-and-future-of-internet-traffic.",,,
Computing Capacity|Magnetic Data Storage,Amount of data storage (magnetic data storage on disks) per dollar,Bits per dollar,"Ray Kurzweil, The Singularity Is Near: When Humans Transcend Biology","Kurzweil, Ray. The Singularity Is near: When Humans Transcend Biology. New York: Viking, 2005. https://www.singularity.com/charts/.",,,
Computing Capacity|Microprocessor Clock Speed,Microprocessor Clock Speed used in desktops and personal computers,Hz,"Ray Kurzweil, The Singularity Is Near: When Humans Transcend Biology","Kurzweil, Ray. The Singularity Is near: When Humans Transcend Biology. New York: Viking, 2005. https://www.singularity.com/charts/.",,,
Computing Capacity|Processing Performance,Performance of Central Processing Units measured as number of instructions executed per second,Million instructions per second (MIPS),"Ray Kurzweil, The Singularity Is Near: When Humans Transcend Biology","Kurzweil, Ray. The Singularity Is near: When Humans Transcend Biology. New York: Viking, 2005. https://www.singularity.com/charts/.",,,
Computing Capacity|Random Access Memory,Amount of computer memory (random access memory) per dollar,Bits per dollar,"Ray Kurzweil, The Singularity Is Near: When Humans Transcend Biology","Kurzweil, Ray. The Singularity Is near: When Humans Transcend Biology. New York: Viking, 2005. https://www.singularity.com/charts/.",,,
Computing Capacity|Transistors per Microprocessor Chip,Number of transistors per microprocessor chips,Transistors per microprocessor,"Ray Kurzweil, The Singularity Is Near: When Humans Transcend Biology","Kurzweil, Ray. The Singularity Is near: When Humans Transcend Biology. New York: Viking, 2005. https://www.singularity.com/charts/.",,,
Cumulative Number of Units|High Speed Rail,Total length of high-speed railway network in commercial operation,kilometers,International Union of Railways,"Geography and Railway Traffic Research Group, Angeles Táuler, Sergio Martin, and Matilde Benito. Atlas: High Speed Rail 2022. International Union of Railways, n.d. https://uic.org/IMG/pdf/uic-atlas-high-speed-2022.pdf.",,,
Cumulative Number of Units|Natural Gas Pipelines,"Total miles of natural gas pipelines (including transmission, distribution, and gathering pipelines)",miles,U.S. Department of Transportation Bureau of Transportation Statistics,"Bureau of Transportation Statistics. “Table 1-10: U.S. Oil and Gas Pipeline Mileage.” Accessed October 8, 2023. https://www.bts.gov/archive/publications/national_transportation_statistics/table_01_10.",,,
Cumulative Number of Units|Oil Pipelines,Total miles of oil pipelines,miles,U.S. Department of Transportation Bureau of Transportation Statistics,"Bureau of Transportation Statistics. “Table 1-10: U.S. Oil and Gas Pipeline Mileage.” Accessed October 8, 2023. https://www.bts.gov/archive/publications/national_transportation_statistics/table_01_10.",,,
Cumulative Number of Units|Public Roads,Total mileage for all public roads,miles,U.S. Department of Transportation Federal Highway Administration,"USDOT - FHWA -Office of HIghway Policy Information. “Chart VMT-421C - Highway Statistics 2020 - Policy | Federal Highway Administration.” Public Road Mileage - VMT - Lane Miles    1900 - 2020. Accessed October 8, 2023. https://www.fhwa.dot.gov/policyinformation/statistics/2020/vmt421c.cfm.",,,
Cumulative Number of Units|Railroad Tracks,Cumulative length of railroad completed,kilometers,"Diego Comin & Bart Hobijn, Cross-country Historical Adoption of Technology (CHAT) dataset","“Cross-Country Historical Adoption of Technology (CHAT) Dataset.” Accessed October 8, 2023. https://data.nber.org/data-appendix/w15319/.",,,
Cumulative Rated Capacity|Electricity|Compressed Air Energy Storage,Total installed capacity of compressed air energy storage,kWh,U.S. Department of Energy Global Energy Storage Database,"Sandia National Laboratories. “DOE Global Energy Storage Database.” Database. Accessed October 8, 2023. https://gesdb.sandia.gov/projects.html.",,,
Cumulative Rated Capacity|Electricity|Electro-Chemical Capacitor,Total installed capacity of electro-chemical capacitor storage,kWh,U.S. Department of Energy Global Energy Storage Database,"Sandia National Laboratories. “DOE Global Energy Storage Database.” Database. Accessed October 8, 2023. https://gesdb.sandia.gov/projects.html.",,,
Cumulative Rated Capacity|Electricity|Flow Battery Storage,Total installed capacity of redox flow battery storage,kWh,U.S. Department of Energy Global Energy Storage Database,"Sandia National Laboratories. “DOE Global Energy Storage Database.” Database. Accessed October 8, 2023. https://gesdb.sandia.gov/projects.html.",,,
Cumulative Rated Capacity|Electricity|Flywheel Battery Storage,Total installed capacity of flywheel battery storage,kWh,U.S. Department of Energy Global Energy Storage Database,"Sandia National Laboratories. “DOE Global Energy Storage Database.” Database. Accessed October 8, 2023. https://gesdb.sandia.gov/projects.html.",,,
Cumulative Rated Capacity|Electricity|Lead-Acid Battery Storage,Total installed capacity of lead-acid battery storage,kWh,U.S. Department of Energy Global Energy Storage Database,"Sandia National Laboratories. “DOE Global Energy Storage Database.” Database. Accessed October 8, 2023. https://gesdb.sandia.gov/projects.html.",,,
Cumulative Rated Capacity|Electricity|Lithium-Ion Battery Storage,Total installed capacity of lithium-ion battery storage,kWh,U.S. Department of Energy Global Energy Storage Database,"Sandia National Laboratories. “DOE Global Energy Storage Database.” Database. Accessed October 8, 2023. https://gesdb.sandia.gov/projects.html.",,,
Cumulative Rated Capacity|Electricity|Pumped Hydro Storage,Total installed capacity of pumped hydroelectric energy storage,kWh,U.S. Department of Energy Global Energy Storage Database,"Sandia National Laboratories. “DOE Global Energy Storage Database.” Database. Accessed October 8, 2023. https://gesdb.sandia.gov/projects.html.",,,
Cumulative Rated Capacity|Electricity|Sodium-Based Battery Storage,Total installed capacity of sodium-based battery storage (includes molten sodium batteries and sodium ion batteries),kWh,U.S. Department of Energy Global Energy Storage Database,"Sandia National Laboratories. “DOE Global Energy Storage Database.” Database. Accessed October 8, 2023. https://gesdb.sandia.gov/projects.html.",,,
Cumulative Rated Capacity|Electricity|Zinc-Based Battery Storage,Total installed capacity of zinc-based battery storage,kWh,U.S. Department of Energy Global Energy Storage Database,"Sandia National Laboratories. “DOE Global Energy Storage Database.” Database. Accessed October 8, 2023. https://gesdb.sandia.gov/projects.html.",,,
Cumulative Rated Capacity|Hydrogen Storage,Total installed capacity of hydrogen storage,kWh,U.S. Department of Energy Global Energy Storage Database,"Sandia National Laboratories. “DOE Global Energy Storage Database.” Database. Accessed October 8, 2023. https://gesdb.sandia.gov/projects.html.",,,
Cumulative Rated Capacity|Nickel-Based Battery Storage,Total installed capacity of nickel-based battery systems,kWh,U.S. Department of Energy Global Energy Storage Database,"Sandia National Laboratories. “DOE Global Energy Storage Database.” Database. Accessed October 8, 2023. https://gesdb.sandia.gov/projects.html.",,,
Cumulative Rated Capacity|Thermal Energy Storage|Heat Thermal Battery Storage,Total installed capacity of thermal battery storage,kWh,U.S. Department of Energy Global Energy Storage Database,"Sandia National Laboratories. “DOE Global Energy Storage Database.” Database. Accessed October 8, 2023. https://gesdb.sandia.gov/projects.html.",,,
Cumulative Rated Capacity|Thermal Energy Storage|Latent Heat Storage,Total installed capacity of latent heat storage,kWh,U.S. Department of Energy Global Energy Storage Database,"Sandia National Laboratories. “DOE Global Energy Storage Database.” Database. Accessed October 8, 2023. https://gesdb.sandia.gov/projects.html.",,,
Cumulative Rated Capacity|Thermal Energy Storage|Sensible Heat Storage,Total installed capacity of sensible heat battery storage,kWh,U.S. Department of Energy Global Energy Storage Database,"Sandia National Laboratories. “DOE Global Energy Storage Database.” Database. Accessed October 8, 2023. https://gesdb.sandia.gov/projects.html.",,,
Cumulative Rated Power|Electricity|Compressed Air Energy Storage,Total installed power of compressed air energy storage,kW,U.S. Department of Energy Global Energy Storage Database,"Sandia National Laboratories. “DOE Global Energy Storage Database.” Database. Accessed October 8, 2023. https://gesdb.sandia.gov/projects.html.",,,
Cumulative Rated Power|Electricity|Electro-Chemical Capacitor,Total installed power of electro-chemical capacitor storage,kW,U.S. Department of Energy Global Energy Storage Database,"Sandia National Laboratories. “DOE Global Energy Storage Database.” Database. Accessed October 8, 2023. https://gesdb.sandia.gov/projects.html.",,,
Cumulative Rated Power|Electricity|Flow Battery Storage,Total installed power of redox flow battery storage,kW,U.S. Department of Energy Global Energy Storage Database,"Sandia National Laboratories. “DOE Global Energy Storage Database.” Database. Accessed October 8, 2023. https://gesdb.sandia.gov/projects.html.",,,
Cumulative Rated Power|Electricity|Flywheel Battery Storage,Total installed power of flywheel battery storage,kW,U.S. Department of Energy Global Energy Storage Database,"Sandia National Laboratories. “DOE Global Energy Storage Database.” Database. Accessed October 8, 2023. https://gesdb.sandia.gov/projects.html.",,,
Cumulative Rated Power|Electricity|Lead-Acid Battery Storage,Total installed power of lead-acid battery storage,kW,U.S. Department of Energy Global Energy Storage Database,"Sandia National Laboratories. “DOE Global Energy Storage Database.” Database. Accessed October 8, 2023. https://gesdb.sandia.gov/projects.html.",,,
Cumulative Rated Power|Electricity|Lithium-Ion Battery Storage,Total installed power of lithium-ion battery storage,kW,U.S. Department of Energy Global Energy Storage Database,"Sandia National Laboratories. “DOE Global Energy Storage Database.” Database. Accessed October 8, 2023. https://gesdb.sandia.gov/projects.html.",,,
Cumulative Rated Power|Electricity|Pumped Hydro Storage,Total installed power of pumped hydroelectric energy storage,kW,U.S. Department of Energy Global Energy Storage Database,"Sandia National Laboratories. “DOE Global Energy Storage Database.” Database. Accessed October 8, 2023. https://gesdb.sandia.gov/projects.html.",,,
Cumulative Rated Power|Electricity|Sodium-Based Battery Storage,Total installed power of sodium-based battery storage (includes molten sodium batteries and sodium ion batteries),kW,U.S. Department of Energy Global Energy Storage Database,"Sandia National Laboratories. “DOE Global Energy Storage Database.” Database. Accessed October 8, 2023. https://gesdb.sandia.gov/projects.html.",,,
Cumulative Rated Power|Electricity|Zinc-Based Battery Storage,Total installed power of zinc-based battery storage,kW,U.S. Department of Energy Global Energy Storage Database,"Sandia National Laboratories. “DOE Global Energy Storage Database.” Database. Accessed October 8, 2023. https://gesdb.sandia.gov/projects.html.",,,
Cumulative Rated Power|Hydrogen Storage,Total installed power of hydrogen storage,kW,U.S. Department of Energy Global Energy Storage Database,"Sandia National Laboratories. “DOE Global Energy Storage Database.” Database. Accessed October 8, 2023. https://gesdb.sandia.gov/projects.html.",,,
Cumulative Rated Power|Nickel-Based Battery Storage,Total installed power of nickel-based battery systems,kW,U.S. Department of Energy Global Energy Storage Database,"Sandia National Laboratories. “DOE Global Energy Storage Database.” Database. Accessed October 8, 2023. https://gesdb.sandia.gov/projects.html.",,,
Cumulative Rated Power|Thermal Energy Storage|Heat Thermal Battery Storage,Total installed power of thermal battery storage,kW,U.S. Department of Energy Global Energy Storage Database,"Sandia National Laboratories. “DOE Global Energy Storage Database.” Database. Accessed October 8, 2023. https://gesdb.sandia.gov/projects.html.",,,
Cumulative Rated Power|Thermal Energy Storage|Latent Heat Storage,Total installed power of latent heat storage,kW,U.S. Department of Energy Global Energy Storage Database,"Sandia National Laboratories. “DOE Global Energy Storage Database.” Database. Accessed October 8, 2023. https://gesdb.sandia.gov/projects.html.",,,
Cumulative Rated Power|Thermal Energy Storage|Sensible Heat Storage,Total installed power of sensible heat battery storage,kW,U.S. Department of Energy Global Energy Storage Database,"Sandia National Laboratories. “DOE Global Energy Storage Database.” Database. Accessed October 8, 2023. https://gesdb.sandia.gov/projects.html.",,,
Cumulative Total Capacity|Bicycles,Cumulative Energy Capacity of Bicycles (Calculated by multiplying cumulative number of bicycles by 100 watts per bicycle),MW,"Charlie Wilson & Arnulf Grubler, Scaling Dynamics of Energy Technologies (SD-ET)","Grubler, Arnulf, and Charlie Wilson. “Scaling Dynamics of Energy Technologies (SD-ET).” IIASA - International Institute for Applied Systems Analysis. Accessed October 11, 2023. https://iiasa.ac.at/models-tools-data/sd-et.",,,
Cumulative Total Capacity|Cellphones,Cumulative energy capacity of cellphones,MW,"Charlie Wilson & Arnulf Grubler, Scaling Dynamics of Energy Technologies (SD-ET)","Grubler, Arnulf, and Charlie Wilson. “Scaling Dynamics of Energy Technologies (SD-ET).” IIASA - International Institute for Applied Systems Analysis. Accessed October 11, 2023. https://iiasa.ac.at/models-tools-data/sd-et.",,,
Cumulative Total Capacity|Coal Power,Cumulative capacity of coal power plants,MW,"Charlie Wilson & Arnulf Grubler, Scaling Dynamics of Energy Technologies (SD-ET)","Grubler, Arnulf, and Charlie Wilson. “Scaling Dynamics of Energy Technologies (SD-ET).” IIASA - International Institute for Applied Systems Analysis. Accessed October 11, 2023. https://iiasa.ac.at/models-tools-data/sd-et.",,,
Cumulative Total Capacity|Compact Flourescent Light bulbs,Cumulative electricity capacity of compact fluorescent lightbulbs sold,MW,"Charlie Wilson & Arnulf Grubler, Scaling Dynamics of Energy Technologies (SD-ET)","Grubler, Arnulf, and Charlie Wilson. “Scaling Dynamics of Energy Technologies (SD-ET).” IIASA - International Institute for Applied Systems Analysis. Accessed October 11, 2023. https://iiasa.ac.at/models-tools-data/sd-et.",,,
Cumulative Total Capacity|Desalination,Total capacity of operational desalination plants,Million cubic meters per day,"Jones et al., The state of desalination and brine production: A global outlook","Jones, Edward, Manzoor Qadir, Michelle T.H. van Vliet, Vladimir Smakhtin, and Seong-mu Kang. “The State of Desalination and Brine Production: A Global Outlook.” Science of The Total Environment 657 (March 2019): 1343–56. https://doi.org/10.1016/j.scitotenv.2018.12.076.",,,
Cumulative Total Capacity|Electric Bicycles,Total energy of electric bicycles,MW,"Charlie Wilson & Arnulf Grubler, Scaling Dynamics of Energy Technologies (SD-ET)","Grubler, Arnulf, and Charlie Wilson. “Scaling Dynamics of Energy Technologies (SD-ET).” IIASA - International Institute for Applied Systems Analysis. Accessed October 11, 2023. https://iiasa.ac.at/models-tools-data/sd-et.",,,
Cumulative Total Capacity|Electricity|Natural Gas,Total electricity generating capacity of natural gas power plants,MW,"Charlie Wilson & Arnulf Grubler, Scaling Dynamics of Energy Technologies (SD-ET)","Grubler, Arnulf, and Charlie Wilson. “Scaling Dynamics of Energy Technologies (SD-ET).” IIASA - International Institute for Applied Systems Analysis. Accessed October 11, 2023. https://iiasa.ac.at/models-tools-data/sd-et.",,,
Cumulative Total Capacity|Ground Source Heat Pumps,Total capacity of direct-use geothermal heat pumps,MWt,"John Lund & Aniko Toth, Direct utilization of geothermal energy 2020 worldwide review","Lund, John W., and Aniko N. Toth. “Direct Utilization of Geothermal Energy 2020 Worldwide Review.” Geothermics 90 (February 2021): 101915. https://doi.org/10.1016/j.geothermics.2020.101915.",,,
Cumulative Total Capacity|Jet Aircrafts,Total energy capacity of  jet aircrafts,MW,"Charlie Wilson & Arnulf Grubler, Scaling Dynamics of Energy Technologies (SD-ET)","Grubler, Arnulf, and Charlie Wilson. “Scaling Dynamics of Energy Technologies (SD-ET).” IIASA - International Institute for Applied Systems Analysis. Accessed October 11, 2023. https://iiasa.ac.at/models-tools-data/sd-et.",,,
Cumulative Total Capacity|Laundry Dryers,Total installed energy capacity of laundry dryers,MW,"Charlie Wilson & Arnulf Grubler, Scaling Dynamics of Energy Technologies (SD-ET)","Grubler, Arnulf, and Charlie Wilson. “Scaling Dynamics of Energy Technologies (SD-ET).” IIASA - International Institute for Applied Systems Analysis. Accessed October 11, 2023. https://iiasa.ac.at/models-tools-data/sd-et.",,,
Cumulative Total Capacity|Motorcycles,Total energy capacity of motorcycles,MW,"Charlie Wilson & Arnulf Grubler, Scaling Dynamics of Energy Technologies (SD-ET)","Grubler, Arnulf, and Charlie Wilson. “Scaling Dynamics of Energy Technologies (SD-ET).” IIASA - International Institute for Applied Systems Analysis. Accessed October 11, 2023. https://iiasa.ac.at/models-tools-data/sd-et.",,,
Cumulative Total Capacity|Passenger Cars,Cumulative total energy capacity of passenger cars measured by the electricity equivalent of engine,MW,"Charlie Wilson & Arnulf Grubler, Scaling Dynamics of Energy Technologies (SD-ET)","Grubler, Arnulf, and Charlie Wilson. “Scaling Dynamics of Energy Technologies (SD-ET).” IIASA - International Institute for Applied Systems Analysis. Accessed October 11, 2023. https://iiasa.ac.at/models-tools-data/sd-et.",,,
Cumulative Total Capacity|Refrigerators,Cumulative electricity generation from solid biomass,MW,"Charlie Wilson & Arnulf Grubler, Scaling Dynamics of Energy Technologies (SD-ET)","Grubler, Arnulf, and Charlie Wilson. “Scaling Dynamics of Energy Technologies (SD-ET).” IIASA - International Institute for Applied Systems Analysis. Accessed October 11, 2023. https://iiasa.ac.at/models-tools-data/sd-et.",,,
Cumulative Total Capacity|Stationary Steam Engines,Total energy capacity of stationary steam engines,MW,"Charlie Wilson & Arnulf Grubler, Scaling Dynamics of Energy Technologies (SD-ET)","Grubler, Arnulf, and Charlie Wilson. “Scaling Dynamics of Energy Technologies (SD-ET).” IIASA - International Institute for Applied Systems Analysis. Accessed October 11, 2023. https://iiasa.ac.at/models-tools-data/sd-et.",,,
Cumulative Total Capacity|Steam Locomotives,Total energy capacity of steam locomotives,MW,"Charlie Wilson & Arnulf Grubler, Scaling Dynamics of Energy Technologies (SD-ET)","Grubler, Arnulf, and Charlie Wilson. “Scaling Dynamics of Energy Technologies (SD-ET).” IIASA - International Institute for Applied Systems Analysis. Accessed October 11, 2023. https://iiasa.ac.at/models-tools-data/sd-et.",,,
Cumulative Total Capacity|Washing Machines,Total installed energy capacity of washing machines,MW,"Charlie Wilson & Arnulf Grubler, Scaling Dynamics of Energy Technologies (SD-ET)","Grubler, Arnulf, and Charlie Wilson. “Scaling Dynamics of Energy Technologies (SD-ET).” IIASA - International Institute for Applied Systems Analysis. Accessed October 11, 2023. https://iiasa.ac.at/models-tools-data/sd-et.",,,
Cumulative Total Capacity|Wet Flue Gas Desulfurization Systems,Cumulative installed capacity of wet flue gas desulfurization systems (scrubbers),GWe,"Margaret Taylor, Edward Rubin, & David Hounshell - Control of SO2 emissions from power plants: A case of induced technological innovation in the U.S.","Taylor, Margaret R., Edward S. Rubin, and David A. Hounshell. “Control of SO2 Emissions from Power Plants: A Case of Induced Technological Innovation in the U.S.” Technological Forecasting and Social Change 72, no. 6 (July 2005): 697–718. https://doi.org/10.1016/j.techfore.2004.11.001.",,,
Installed Capacity|Carbon Capture & Sequestration,Total installed capacity of carbon capture and storage systems,GW,"Intergovernmental Panel on Climate Change, Working Group III Report","“Climate Change 2022: Mitigation of Climate Change.” Accessed October 8, 2023. https://www.ipcc.ch/report/ar6/wg3/.",,,
Installed Capacity|Electricity|Biogas,Cumulative Electricity Generation from Biogas,MW,IRENASTAT Online Data Query Tool,"IRENA (International Renewable Energy Agency). “Renewable Energy Statistics 2023 (IRENASTAT Online Data Query Tool).” Accessed October 8, 2023. https://pxweb.irena.org/pxweb/en/IRENASTAT.",,,
Installed Capacity|Electricity|Concentrated Solar,Total capacity of operational concentrated solar power energy systems,MW,"Intergovernmental Panel on Climate Change, Working Group III Report","“Climate Change 2022: Mitigation of Climate Change.” Accessed October 8, 2023. https://www.ipcc.ch/report/ar6/wg3/.",,,
Installed Capacity|Electricity|Geothermal Energy,Annual installed electricity capacity of geothermal energy,MW,IRENASTAT Online Data Query Tool,"IRENA (International Renewable Energy Agency). “Renewable Energy Statistics 2023 (IRENASTAT Online Data Query Tool).” Accessed October 8, 2023. https://pxweb.irena.org/pxweb/en/IRENASTAT.",,,
Installed Capacity|Electricity|Liquid Biofuels,Cumulative Electricity Generation from Liquid Biofuels,MW,IRENASTAT Online Data Query Tool,"IRENA (International Renewable Energy Agency). “Renewable Energy Statistics 2023 (IRENASTAT Online Data Query Tool).” Accessed October 8, 2023. https://pxweb.irena.org/pxweb/en/IRENASTAT.",,,
Installed Capacity|Electricity|Marine Energy,Installed capacity of marine energy,MW,IRENASTAT Online Data Query Tool,"IRENA (International Renewable Energy Agency). “Renewable Energy Statistics 2023 (IRENASTAT Online Data Query Tool).” Accessed October 8, 2023. https://pxweb.irena.org/pxweb/en/IRENASTAT.",,,
Installed Capacity|Electricity|Offshore Wind,Total installed capacity of offshore wind energy,MW,IRENASTAT Online Data Query Tool,"IRENA (International Renewable Energy Agency). “Renewable Energy Statistics 2023 (IRENASTAT Online Data Query Tool).” Accessed October 8, 2023. https://pxweb.irena.org/pxweb/en/IRENASTAT.",,,
Installed Capacity|Electricity|Onshore Wind,Cumulative installed electricity generating capacity of wind-energy systems,MW,IRENASTAT Online Data Query Tool,"IRENA (International Renewable Energy Agency). “Renewable Energy Statistics 2023 (IRENASTAT Online Data Query Tool).” Accessed October 8, 2023. https://pxweb.irena.org/pxweb/en/IRENASTAT.",,,
Installed Capacity|Electricity|Solar Photovoltaic,Cumulative installed generating capacity of solar photovoltaic systems,MW,IRENASTAT Online Data Query Tool,"IRENA (International Renewable Energy Agency). “Renewable Energy Statistics 2023 (IRENASTAT Online Data Query Tool).” Accessed October 8, 2023. https://pxweb.irena.org/pxweb/en/IRENASTAT.",,,
Installed Capacity|Electricity|Solid Biomass,Cumulative electricity generation from solid biomass,MW,IRENASTAT Online Data Query Tool,"IRENA (International Renewable Energy Agency). “Renewable Energy Statistics 2023 (IRENASTAT Online Data Query Tool).” Accessed October 8, 2023. https://pxweb.irena.org/pxweb/en/IRENASTAT.",,,
Installed Capacity|Solar Thermal Energy,Installed capacity of solar thermal energy systems,MW,IRENASTAT Online Data Query Tool,"IRENA (International Renewable Energy Agency). “Renewable Energy Statistics 2023 (IRENASTAT Online Data Query Tool).” Accessed October 8, 2023. https://pxweb.irena.org/pxweb/en/IRENASTAT.",,,
Net Total Capacity|Fluid Catalytic Cracking Refineries,Net capacity of oil refineries using fluid catalytic cracking,MW,"Charlie Wilson & Arnulf Grubler, Scaling Dynamics of Energy Technologies (SD-ET)","Grubler, Arnulf, and Charlie Wilson. “Scaling Dynamics of Energy Technologies (SD-ET).” IIASA - International Institute for Applied Systems Analysis. Accessed October 11, 2023. https://iiasa.ac.at/models-tools-data/sd-et.",,,
Number of Units|Canals,Total miles of canals constructed,miles,"Walter Isard, A Neglected Cycle: The Transport-Building Cycle","Isard, Walter. “A Neglected Cycle: The Transport-Building Cycle.” The Review of Economics and Statistics 24, no. 4 (November 1942): 149. https://doi.org/10.2307/1927670.",,,
Number of Units|Cellphones,Number of cellphone users,-,"Diego Comin & Bart Hobijn, Cross-country Historical Adoption of Technology (CHAT) dataset","“Cross-Country Historical Adoption of Technology (CHAT) Dataset.” Accessed October 8, 2023. https://data.nber.org/data-appendix/w15319/.",,,
Number of Units|Crop Harvester,Number of crop harvesters in operation,-,"Diego Comin & Bart Hobijn, Cross-country Historical Adoption of Technology (CHAT) dataset","“Cross-Country Historical Adoption of Technology (CHAT) Dataset.” Accessed October 8, 2023. https://data.nber.org/data-appendix/w15319/.",,,
Number of Units|Nuclear Weapons,Number of intact nuclear weapons in stockpiles,-,"Kristensen, H. M., & Norris, R. S. (2013). Global nuclear weapons inventories, 1945–2013.","Kristensen, H. M., & Norris, R. S. (2013). Global nuclear weapons inventories, 1945–2013. Bulletin of the Atomic Scientists, 69(5), 75-81. https://doi.org/10.1177/0096340213501363",,,
Number of Units|Passenger Cars,Number of units,-,"Diego Comin & Bart Hobijn, Cross-country Historical Adoption of Technology (CHAT) dataset","“Cross-Country Historical Adoption of Technology (CHAT) Dataset.” Accessed October 8, 2023. https://data.nber.org/data-appendix/w15319/.",,,
Number of Units|Postal Traffic,Number of items mailed/received,Number (millions),"Diego Comin & Bart Hobijn, Cross-country Historical Adoption of Technology (CHAT) dataset","“Cross-Country Historical Adoption of Technology (CHAT) Dataset.” Accessed October 8, 2023. https://data.nber.org/data-appendix/w15319/.",,,
Number of Units|Radios,Cumulative number of radios in operation,-,"Diego Comin & Bart Hobijn, Cross-country Historical Adoption of Technology (CHAT) dataset","“Cross-Country Historical Adoption of Technology (CHAT) Dataset.” Accessed October 8, 2023. https://data.nber.org/data-appendix/w15319/.",,,
Number of Units|Space Launches,Number of objects launched into space,-,United Nations Office for Outer Space Affairs,"Mathieu, Edouard, and Max Roser. “Space Exploration and Satellites.” Our World in Data, June 29, 2023. https://ourworldindata.org/space-exploration-satellites.",,,
Number of Units|Steamships,Number of steamships in midyear,-,"Diego Comin & Bart Hobijn, Cross-country Historical Adoption of Technology (CHAT) dataset","“Cross-Country Historical Adoption of Technology (CHAT) Dataset.” Accessed October 8, 2023. https://data.nber.org/data-appendix/w15319/.",,,
Number of Units|Telegraph Traffic,Number of telegrams sent annually (millions),Number (millions),"Diego Comin & Bart Hobijn, Cross-country Historical Adoption of Technology (CHAT) dataset","“Cross-Country Historical Adoption of Technology (CHAT) Dataset.” Accessed October 8, 2023. https://data.nber.org/data-appendix/w15319/.",,,
Number of Units|Telephones,Number of landline telephones in operation,-,"Diego Comin & Bart Hobijn, Cross-country Historical Adoption of Technology (CHAT) dataset","“Cross-Country Historical Adoption of Technology (CHAT) Dataset.” Accessed October 8, 2023. https://data.nber.org/data-appendix/w15319/.",,,
Number of Units|Televisions,Number of televisions in use,-,"Diego Comin & Bart Hobijn, Cross-country Historical Adoption of Technology (CHAT) dataset","“Cross-Country Historical Adoption of Technology (CHAT) Dataset.” Accessed October 8, 2023. https://data.nber.org/data-appendix/w15319/.",,,
Share of Market|Amazon Prime Users,Percentage of United States population who are Amazon Prime users,%,"Technology Adoption, Our World in Data",Our World in Data. (2023). Share of United States households using specific technologies [dataset]. https://ourworldindata.org/grapher/technology-adoption-by-households-in-the-united-states?facet=none&country=~Amazon+Prime+users~,,,
Share of Market|Automatic Transmission,Percentage of car output with automatic transmission,%,"Technology Adoption, Our World in Data",Our World in Data. (2023). Share of United States households using specific technologies [dataset]. https://ourworldindata.org/grapher/technology-adoption-by-households-in-the-united-states?facet=none&country=~Automatic+transmission~,,,
Share of Market|Cable Television,Percentage of United States households with cable television,%,"Technology Adoption, Our World in Data",Our World in Data. (2023). Share of United States households using specific technologies [dataset]. https://ourworldindata.org/grapher/technology-adoption-by-households-in-the-united-states?facet=none&country=~Cable+TV~,,,
Share of Market|Central Heating,Percentage of United States dwelling units with central heating,%,"Technology Adoption, Our World in Data",Our World in Data. (2023). Share of United States households using specific technologies [dataset]. https://ourworldindata.org/grapher/technology-adoption-by-households-in-the-united-states?facet=none&country=~Central+heating,,,
Share of Market|Colour Television,Percentage of United States households with colour television,%,"Technology Adoption, Our World in Data",Our World in Data. (2023). Share of United States households using specific technologies [dataset]. https://ourworldindata.org/grapher/technology-adoption-by-households-in-the-united-states?facet=none&country=~Colour+TV~,,,
Share of Market|Disc Brakes,Percentage of cars with disc brakes in the United States,%,"Technology Adoption, Our World in Data",Our World in Data. (2023). Share of United States households using specific technologies [dataset]. https://ourworldindata.org/grapher/technology-adoption-by-households-in-the-united-states?facet=none&country=~Disk+brakes~,,,
Share of Market|Dishwashers,Percentage of United States households with dishwashers,%,"Technology Adoption, Our World in Data",Our World in Data. (2023). Share of United States households using specific technologies [dataset]. https://ourworldindata.org/grapher/technology-adoption-by-households-in-the-united-states?facet=none&country=~Dishwasher~,,,
Share of Market|Electric Range,Percentage of United States households with electric ranges,%,"Technology Adoption, Our World in Data",Our World in Data. (2023). Share of United States households using specific technologies [dataset]. https://ourworldindata.org/grapher/technology-adoption-by-households-in-the-united-states?facet=none&country=~Electric+Range~,,,
Share of Market|Electronic Ignition,Percentage of cars with electronic ignition in the United States,%,"Technology Adoption, Our World in Data",Our World in Data. (2023). Share of United States households using specific technologies [dataset]. https://ourworldindata.org/grapher/technology-adoption-by-households-in-the-united-states?facet=none&country=~Electronic+ignition~,,,
Share of Market|Flush Toilet,Percentage of United States households with access to a flush toilet,%,"Technology Adoption, Our World in Data",Our World in Data. (2023). Share of United States households using specific technologies [dataset]. https://ourworldindata.org/grapher/technology-adoption-by-households-in-the-united-states?facet=none&country=~Flush+toilet~,,,
Share of Market|Freezers,Share of United States households with freezers,%,"Technology Adoption, Our World in Data",Our World in Data. (2023). Share of United States households using specific technologies [dataset]. https://ourworldindata.org/grapher/technology-adoption-by-households-in-the-united-states?facet=none&country=~Freezer~,,,
Share of Market|Home Air Conditioning,Percentage of households in the United States with home air conditioning,%,"Technology Adoption, Our World in Data",Our World in Data. (2023). Share of United States households using specific technologies [dataset]. https://ourworldindata.org/grapher/technology-adoption-by-households-in-the-united-states?facet=none&country=~Home+air+conditioning~,,,
Share of Market|Home Computers,Percentage of households in the United States with a home computer,%,"Technology Adoption, Our World in Data",Our World in Data. (2023). Share of United States households using specific technologies [dataset]. https://ourworldindata.org/grapher/technology-adoption-by-households-in-the-united-states?facet=none&country=~Computer~,,,
Share of Market|Household Internet Access,Percentage of United States households with internet access,%,"Technology Adoption, Our World in Data",Our World in Data. (2023). Share of United States households using specific technologies [dataset]. https://ourworldindata.org/grapher/technology-adoption-by-households-in-the-united-states?facet=none&country=~Internet~,,,
Share of Market|Households with Only Mobile Phones,"Percentage of United States households without a landline, only using mobile phones",%,"Technology Adoption, Our World in Data",Our World in Data. (2023). Share of United States households using specific technologies [dataset]. https://ourworldindata.org/grapher/technology-adoption-by-households-in-the-united-states?facet=none&country=t~Households+with+only+mobile+phones+%28no+landlines%29,,,
Share of Market|Irons,Percentage of United States households with ironers,%,"Technology Adoption, Our World in Data",Our World in Data. (2023). Share of United States households using specific technologies [dataset]. https://ourworldindata.org/grapher/technology-adoption-by-households-in-the-united-states?facet=none&country=~Iron~,,,
Share of Market|Microcomputers,Percentage of United States households with microcomputers,%,"Technology Adoption, Our World in Data",Our World in Data. (2023). Share of United States households using specific technologies [dataset]. https://ourworldindata.org/grapher/technology-adoption-by-households-in-the-united-states?facet=none&country=~Microcomputer,,,
Share of Market|Microwaves,Percentage of United States households with microwaves,%,"Technology Adoption, Our World in Data",Our World in Data. (2023). Share of United States households using specific technologies [dataset]. https://ourworldindata.org/grapher/technology-adoption-by-households-in-the-united-states?facet=none&country=~Microwave~,,,
Share of Market|Nox Pollution Control Technologies,Percentage of industrial boilers adopting NOx pollution control technologies,%,"Technology Adoption, Our World in Data",Our World in Data. (2023). Share of United States households using specific technologies [dataset]. https://ourworldindata.org/grapher/technology-adoption-by-households-in-the-united-states?facet=none&country=~Nox+pollution+controls+%28boilers%29~,,,
Share of Market|Power Steering,Percentage of vehicles in the United States with power steering,%,"Technology Adoption, Our World in Data",Our World in Data. (2023). Share of United States households using specific technologies [dataset]. https://ourworldindata.org/grapher/technology-adoption-by-households-in-the-united-states?facet=none&country=~Power+steering~,,,
Share of Market|Radial Tires,Percentage of vehicles in the United States with radial tires,%,"Technology Adoption, Our World in Data",Our World in Data. (2023). Share of United States households using specific technologies [dataset]. https://ourworldindata.org/grapher/technology-adoption-by-households-in-the-united-states?facet=none&country=~Radial+tires~,,,
Share of Market|Real-time Gross Settlement,Percentage of United States population using real-time gross settlement technologies,%,"Technology Adoption, Our World in Data",Our World in Data. (2023). Share of United States households using specific technologies [dataset]. https://ourworldindata.org/grapher/technology-adoption-by-households-in-the-united-states?facet=none&country=~RTGS+adoption~,,,
Share of Market|Running Water,Percentage of United States households with access to running water,%,"Technology Adoption, Our World in Data",Our World in Data. (2023). Share of United States households using specific technologies [dataset]. https://ourworldindata.org/grapher/technology-adoption-by-households-in-the-united-states?facet=none&country=Running+water~,,,
Share of Market|Stoves,Percentage of United States households with a stove,%,"Technology Adoption, Our World in Data",Our World in Data. (2023). Share of United States households using specific technologies [dataset]. https://ourworldindata.org/grapher/technology-adoption-by-households-in-the-united-states?facet=none&country=~Stove~,,,
Share of Market|Vacuums,Share of United States households with vacuums,%,"Technology Adoption, Our World in Data",Our World in Data. (2023). Share of United States households using specific technologies [dataset]. https://ourworldindata.org/grapher/technology-adoption-by-households-in-the-united-states?facet=none&country=~Vacuum~,,,
Share of Market|Videocassette recorder,Percentage of United States households with videocassette recorders,%,"Technology Adoption, Our World in Data",Our World in Data. (2023). Share of United States households using specific technologies [dataset]. https://ourworldindata.org/grapher/technology-adoption-by-households-in-the-united-states?facet=none&country=~Videocassette+recorder~,,,
Share of Market|Water Heater,Percentage of United States households with water heaters,%,"Technology Adoption, Our World in Data",Our World in Data. (2023). Share of United States households using specific technologies [dataset]. https://ourworldindata.org/grapher/technology-adoption-by-households-in-the-united-states?facet=none&country=~Water+Heater~,,,
Share of Population|Diphtheria and Tetanus Vaccine First Dose,Percentage of surviving infants who received the first dose of diphtheria and tetanus toxoid with pertussis containing vaccine,%,United Nations Childrens' Fund,"UNICEF DATA. “Vaccination and Immunization Statistics.” Accessed October 22, 2023. https://data.unicef.org/topic/child-health/immunization/.",,,
Share of Population|Diphtheria and Tetanus Vaccine Third Dose,Percentage of surviving infants who received the 3rd dose of diphtheria and tetanus toxoid with pertussis containing vaccine,%,United Nations Childrens' Fund,"UNICEF DATA. “Vaccination and Immunization Statistics.” Accessed October 22, 2023. https://data.unicef.org/topic/child-health/immunization/.",,,
Share of Population|Ebook Reader,Percentage of adults in the United States who own an eBook reader,%,"Technology Adoption, Our World in Data",Our World in Data. (2023). Share of United States households using specific technologies [dataset]. https://ourworldindata.org/grapher/technology-adoption-by-households-in-the-united-states?facet=none&country=~Ebook+reader~,,,
Share of Population|Haemophilus Influenzae Vaccine Third Dose,Percentage of surviving infants who received the 3rd dose of Haemophilus influenzae type b containing vaccine,%,United Nations Childrens' Fund,"UNICEF DATA. “Vaccination and Immunization Statistics.” Accessed October 22, 2023. https://data.unicef.org/topic/child-health/immunization/.",,,
Share of Population|Hepatitis B Vaccine First Dose,Percentage of births which received a dose of hepatitis B vaccine within 24 hours of delivery,%,United Nations Childrens' Fund,"UNICEF DATA. “Vaccination and Immunization Statistics.” Accessed October 22, 2023. https://data.unicef.org/topic/child-health/immunization/.",,,
Share of Population|Hepatitis B Vaccine Third Dose,Percentage of surviving infants who received the 3rd dose of hepatitis B containing vaccine,%,United Nations Childrens' Fund,"UNICEF DATA. “Vaccination and Immunization Statistics.” Accessed October 22, 2023. https://data.unicef.org/topic/child-health/immunization/.",,,
Share of Population|Inactivated Polio Vaccine,Percentage of surviving infants who received at least one dose of inactivated polio vaccine,%,United Nations Childrens' Fund,"UNICEF DATA. “Vaccination and Immunization Statistics.” Accessed October 22, 2023. https://data.unicef.org/topic/child-health/immunization/.",,,
Share of Population|Measles Vaccine First Dose,Percentage of surviving infants who received the first dose of measles containing vaccine,%,United Nations Childrens' Fund,"UNICEF DATA. “Vaccination and Immunization Statistics.” Accessed October 22, 2023. https://data.unicef.org/topic/child-health/immunization/.",,,
Share of Population|Measles Vaccine Second Dose,Percentage of surviving infants who received the second dose of measles containing vaccine,%,United Nations Childrens' Fund,"UNICEF DATA. “Vaccination and Immunization Statistics.” Accessed October 22, 2023. https://data.unicef.org/topic/child-health/immunization/.",,,
Share of Population|Pneumococcal Conjugate Vaccine,Percentage of surviving infants who received the 3rd dose of pneumococcal conjugate vaccine,%,United Nations Childrens' Fund,"UNICEF DATA. “Vaccination and Immunization Statistics.” Accessed October 22, 2023. https://data.unicef.org/topic/child-health/immunization/.",,,
Share of Population|Podcasting,Percentage of Americans aged 12 or older who have ever listened to a podcast,%,"Technology Adoption, Our World in Data",Our World in Data. (2023). Share of United States households using specific technologies [dataset]. https://ourworldindata.org/grapher/technology-adoption-by-households-in-the-united-states?facet=none&country=~Podcasting~,,,
Share of Population|Polio Vaccine Third Dose,Percentage of surviving infants who received the 3rd dose of polio containing vaccine (inactivated or oral),%,United Nations Childrens' Fund,"UNICEF DATA. “Vaccination and Immunization Statistics.” Accessed October 22, 2023. https://data.unicef.org/topic/child-health/immunization/.",,,
Share of Population|Rotavirus Vaccine,Percentage of surviving infants who received the final recommended dose of rotavirus vaccine,%,United Nations Childrens' Fund,"UNICEF DATA. “Vaccination and Immunization Statistics.” Accessed October 22, 2023. https://data.unicef.org/topic/child-health/immunization/.",,,
Share of Population|Rubella Vaccine First Dose,Percentage of surviving infants who received the 1st dose of rubella containing vaccine,%,United Nations Childrens' Fund,"UNICEF DATA. “Vaccination and Immunization Statistics.” Accessed October 22, 2023. https://data.unicef.org/topic/child-health/immunization/.",,,
Share of Population|Smartphone Usage,Percentage of United States adults who own a smartphone,%,"Technology Adoption, Our World in Data",Our World in Data. (2023). Share of United States households using specific technologies [dataset]. https://ourworldindata.org/grapher/technology-adoption-by-households-in-the-united-states?facet=none&country=~Smartphone+usage~,,,
Share of Population|Social Media Usage,Percentage of United States adults who use at least one social media site,%,"Technology Adoption, Our World in Data",Our World in Data. (2023). Share of United States households using specific technologies [dataset]. https://ourworldindata.org/grapher/technology-adoption-by-households-in-the-united-states?facet=none&country=~Social+media+usage~,,,
Share of Population|Tablet,Percentage of United States adults who own a tablet,%,"Technology Adoption, Our World in Data",Our World in Data. (2023). Share of United States households using specific technologies [dataset]. https://ourworldindata.org/grapher/technology-adoption-by-households-in-the-united-states?facet=none&country=~Tablet~,,,
Share of Population|Tuberculosis Vaccine,Percentage of births who received one dose of Bacillus Calmette Guerin vaccine (Tuberculosis Vaccine),%,United Nations Childrens' Fund,"UNICEF DATA. “Vaccination and Immunization Statistics.” Accessed October 22, 2023. https://data.unicef.org/topic/child-health/immunization/.",,,
Share of Population|Yellow Fever Vaccine,Percentage of surviving infants who received one dose of yellow fever vaccine,%,United Nations Childrens' Fund,"UNICEF DATA. “Vaccination and Immunization Statistics.” Accessed October 22, 2023. https://data.unicef.org/topic/child-health/immunization/.",,,
Total Capacity|Oil Refining,Amount of oil refined daily,thousand barrels,BP/Energy Institute Statistical Review of World Energy,"bp global. “Statistical Review of World Energy | Energy Economics | Home.” Accessed October 8, 2023. https://www.bp.com/en/global/corporate/energy-economics/statistical-review-of-world-energy.html.",,,